MEDIA_ID,MEDIA_NAME,CNT,TIME(2017/11/07 11:10:11.198),TIMETICK(f=3507520),FPOGX,FPOGY,FPOGS,FPOGD,FPOGID,FPOGV,BPOGX,BPOGY,BPOGV,CX,CY,CS,USER,LPCX,LPCY,LPD,LPS,LPV,RPCX,RPCY,RPD,RPS,RPV,BKID,BKDUR,BKPMIN,AOI,
2,Vertical,0,0.00000,90094401378,0.35732,0.03675,0.00000,0.00000,1,1,0.39375,0.05115,1,0.36875,0.08796,0,,0.35462,0.47651,19.02138,1.00836,1,0.65245,0.46580,16.92304,0.98336,1,0,0.00000,14,,
8,White Screen 1,5,0.08209,90094746689,0.36125,0.03177,0.00000,0.08210,1,1,0.34519,-0.07815,1,0.36875,0.08796,0,,0.35442,0.47514,18.16689,1.07711,1,0.65253,0.46309,15.99431,1.10211,1,0,0.00000,14,,
8,White Screen 1,28,0.45988,90096071806,0.37816,0.07738,0.19730,0.26259,2,1,0.38345,0.27314,1,0.36875,0.08796,0,,0.35896,0.48178,17.37095,0.98336,1,0.65686,0.46933,14.91433,1.00836,1,0,0.00000,14,,
8,White Screen 1,44,0.72308,90096994979,0.43920,0.40897,0.52583,0.19725,3,1,0.48328,0.59323,1,0.36875,0.08796,0,,0.36599,0.49294,17.44072,1.00836,1,0.66471,0.48305,14.21066,0.98336,1,0,0.00000,14,,
8,White Screen 1,73,1.19923,90098665131,0.28507,1.77245,0.88713,0.31210,4,1,0.28145,1.80430,1,0.36875,0.08796,0,,0.35422,0.54022,16.34896,1.01328,1,0.64993,0.52651,15.45105,1.00192,1,0,0.00000,14,,
8,White Screen 1,89,1.46216,90099587298,0.26897,1.71005,1.21564,0.24652,5,1,0.27372,1.64238,1,0.36875,0.08796,0,,0.37724,0.52086,17.72275,0.95836,1,0.67252,0.51098,15.89839,0.95836,1,0,0.00000,14,,
8,White Screen 1,93,1.52763,90099816984,0.25388,1.63067,1.47853,0.04910,6,1,0.21572,1.51136,1,0.36875,0.08796,0,,0.37586,0.51201,18.40961,1.03411,1,0.67161,0.50319,16.41041,1.03411,1,0,0.00000,14,,
8,White Screen 1,117,1.92215,90101200747,0.33600,0.13604,1.64287,0.27928,7,1,0.38441,0.13849,1,0.36875,0.08796,0,,0.36961,0.48286,18.18045,1.15002,1,0.66573,0.47014,15.65836,1.15002,1,0,0.00000,14,,
5,Horizontal,0,0.00000,90101257819,0.33982,0.13369,0.00000,0.00000,1,1,0.40865,0.09131,1,0.36875,0.08796,0,,0.36780,0.48288,17.84478,1.15002,1,0.66355,0.46860,14.76676,1.15002,1,0,0.00000,14,,
5,Horizontal,19,0.31233,90102353331,0.39217,0.13697,0.01642,0.29591,2,1,0.28051,0.09770,1,0.36875,0.08796,0,,0.36801,0.47811,16.41856,1.08525,1,0.66329,0.46483,15.23104,1.07162,1,0,0.00000,14,,
5,Horizontal,41,0.67361,90103620520,0.29351,0.14646,0.37796,0.29565,3,1,0.25478,0.44033,0,0.36875,0.08796,0,,0.36706,0.47763,16.70601,0.95836,0,0.66089,0.46996,8.46671,0.95836,0,18,0.00000,14,,
5,Horizontal,73,1.19930,90105464358,0.42382,-0.06210,0.88721,0.31209,4,1,0.42467,-0.12878,1,0.36875,0.08796,0,,0.38038,0.46633,18.10014,1.03109,1,0.67958,0.45672,16.14653,1.04472,1,0,0.00000,15,,
5,Horizontal,96,1.57724,90106790011,0.42892,-0.08244,1.21593,0.36131,5,1,0.29465,-0.07760,1,0.36875,0.08796,0,,0.37324,0.47102,17.50535,1.01328,1,0.67231,0.45909,15.40991,1.00192,1,0,0.00000,15,,
5,Horizontal,141,2.31654,90109383132,0.29785,0.00373,1.64293,0.67361,6,1,0.31060,-0.11175,1,0.36875,0.08796,0,,0.37477,0.46654,17.64562,1.15003,1,0.67411,0.45370,15.43804,1.15003,1,0,0.00000,15,,
5,Horizontal,159,2.61220,90110420162,0.28369,-0.03064,2.33284,0.27936,7,1,0.27883,0.11751,1,0.36875,0.08796,0,,0.37173,0.46685,17.64147,0.95836,1,0.67115,0.45319,15.17277,0.95836,1,0,0.00000,15,,
5,Horizontal,180,2.95720,90111630233,0.40554,0.06554,2.67780,0.27940,8,1,0.52017,-0.02662,1,0.36875,0.08796,0,,0.38210,0.46844,18.28269,1.02503,1,0.68164,0.45442,14.68901,1.02503,1,0,0.00000,15,,
5,Horizontal,203,3.33510,90112955720,0.58444,0.11795,3.07205,0.26305,9,1,0.58522,0.17096,1,0.36875,0.08796,0,,0.38773,0.47049,17.77000,0.95836,1,0.68750,0.45819,15.80838,0.95836,1,0,0.00000,15,,
5,Horizontal,226,3.71284,90114280696,0.57666,0.12199,3.35387,0.35898,10,1,0.61204,0.10577,1,0.36875,0.08796,0,,0.38937,0.46987,17.05644,1.00836,1,0.68965,0.45839,15.38996,0.98336,1,0,0.00000,15,,
5,Horizontal,271,4.45416,90116880844,0.59746,0.11636,3.72917,0.72499,11,1,0.54557,0.15803,1,0.36875,0.08796,0,,0.38501,0.47560,17.70142,0.95836,1,0.68580,0.46266,15.75736,0.95836,1,0,0.00000,15,,
5,Horizontal,319,5.24083,90119640124,0.28145,0.11931,4.51791,0.72292,12,1,0.29399,0.24072,1,0.36875,0.08796,0,,0.36918,0.47903,17.32946,0.95836,1,0.67052,0.46229,15.65483,0.95836,1,0,0.00000,15,,
5,Horizontal,345,5.66794,90121138230,0.28634,0.22222,5.25716,0.41078,13,1,0.30129,0.34729,0,0.36875,0.08796,0,,0.36834,0.48130,15.24966,0.95836,0,0.66935,0.46131,15.53908,0.95836,0,19,0.00000,15,AOI 5,
5,Horizontal,387,6.35797,90123558525,0.29204,0.16505,5.88130,0.47667,14,1,0.27354,0.07970,1,0.36875,0.08796,0,,0.37126,0.47861,17.16688,1.04548,1,0.67351,0.45968,15.06045,1.04548,1,0,0.00000,16,,
5,Horizontal,424,6.96564,90125689928,0.29975,0.19720,6.37430,0.59134,15,1,0.29166,0.15965,1,0.36875,0.08796,0,,0.36736,0.48199,16.53604,0.95836,1,0.66961,0.46174,15.04169,0.95836,1,0,0.00000,16,AOI 5,
5,Horizontal,441,7.24492,90126669499,0.32314,0.16446,6.98221,0.26271,16,1,0.53492,0.25311,1,0.36875,0.08796,0,,0.37752,0.48187,17.96003,0.95836,1,0.67921,0.46275,15.62865,0.95836,1,0,0.00000,16,,
5,Horizontal,478,7.85280,90128801656,0.57363,0.17202,7.31053,0.54227,17,1,0.59070,0.32501,1,0.36875,0.08796,0,,0.38031,0.48561,17.71152,1.00003,1,0.68197,0.46694,14.49565,1.00003,1,0,0.00000,16,,
5,Horizontal,515,8.46051,90130933198,0.60567,0.28953,7.91855,0.54196,18,1,0.60272,0.29640,1,0.36875,0.08796,0,,0.38592,0.48302,17.62202,0.96972,1,0.68794,0.46630,15.21164,0.95836,1,0,0.00000,16,AOI 7,
5,Horizontal,535,8.78946,90132087004,0.60494,0.24921,8.47694,0.31252,19,1,0.58969,0.37227,1,0.36875,0.08796,0,,0.38541,0.48512,17.59871,0.95836,1,0.68745,0.46814,15.48757,0.95836,1,0,0.00000,16,AOI 6,
5,Horizontal,565,9.28233,90133815772,0.57768,0.39517,8.85497,0.42737,20,1,0.58721,0.31150,1,0.36875,0.08796,0,,0.38708,0.48201,18.50451,1.00836,1,0.68899,0.46508,16.11666,1.03336,1,0,0.00000,15,AOI 7,
5,Horizontal,587,9.64348,90135082491,0.54855,0.30337,9.29892,0.34456,21,1,0.36429,0.27047,1,0.36875,0.08796,0,,0.37436,0.48221,16.34181,0.95836,1,0.67623,0.46363,16.35317,0.96972,1,0,0.00000,15,AOI 7,
5,Horizontal,608,9.98840,90136292336,0.30939,0.25057,9.70915,0.27925,22,1,0.29868,0.28648,1,0.36875,0.08796,0,,0.37198,0.48648,17.45975,0.98961,1,0.67386,0.46763,16.47451,1.00097,1,0,0.00000,15,AOI 5,
5,Horizontal,641,10.53069,90138194415,0.27858,0.27062,10.00496,0.52573,23,1,0.29900,0.30067,1,0.36875,0.08796,0,,0.36951,0.48618,17.23771,0.96972,1,0.67108,0.46556,15.60411,0.96972,1,0,0.00000,15,AOI 7,
5,Horizontal,684,11.23688,90140671375,0.32828,0.25451,10.79453,0.44235,24,1,0.38331,0.27470,1,0.36875,0.08796,0,,0.36993,0.48457,17.42665,0.99245,1,0.67277,0.46349,16.19308,0.98109,1,0,0.00000,16,AOI 5,
5,Horizontal,702,11.53281,90141709353,0.33158,0.27307,11.25325,0.27956,25,1,0.31462,0.24358,1,0.36875,0.08796,0,,0.36903,0.48402,17.79462,1.01328,1,0.67202,0.46328,16.63495,1.00192,1,0,0.00000,16,AOI 7,
5,Horizontal,726,11.92691,90143091663,0.33856,0.26718,11.54906,0.37785,26,1,0.37217,0.20774,1,0.36875,0.08796,0,,0.37429,0.48385,18.33583,1.01328,1,0.67655,0.46393,16.81024,1.00192,1,0,0.00000,16,AOI 7,
5,Horizontal,746,12.25539,90144243839,0.33073,0.23012,11.94342,0.31197,27,1,0.28500,0.13742,1,0.36875,0.08796,0,,0.37282,0.48101,17.74112,1.01423,1,0.67501,0.46100,16.77854,1.01423,1,0,0.00000,16,AOI 5,
5,Horizontal,767,12.60039,90145453902,0.28249,0.17061,12.27205,0.32834,28,1,0.28035,0.18380,1,0.36875,0.08796,0,,0.37095,0.48316,17.42470,1.02787,1,0.67305,0.46316,15.86232,1.01423,1,0,0.00000,16,,
5,Horizontal,789,12.96187,90146721794,0.28893,0.19976,12.61690,0.34497,29,1,0.29242,0.44368,1,0.36875,0.08796,0,,0.37081,0.49083,17.42350,0.95836,1,0.67301,0.47126,15.83600,0.95836,1,0,0.00000,15,AOI 5,
5,Horizontal,827,13.58617,90148911553,0.28803,0.41036,13.02765,0.55852,30,1,0.33384,0.45721,1,0.36875,0.08796,0,,0.36943,0.49120,16.96503,0.96973,1,0.67242,0.47141,15.75081,0.95836,1,0,0.00000,15,AOI 7,
5,Horizontal,841,13.81602,90149717786,0.30813,0.50791,13.60252,0.21350,31,1,0.29320,0.57728,1,0.36875,0.08796,0,,0.37037,0.49518,18.08200,0.95836,1,0.67304,0.47628,15.42005,0.95836,1,0,0.00000,15,AOI 9,
5,Horizontal,885,14.53903,90152253738,0.28002,0.53475,13.83250,0.70653,32,1,0.27228,0.65819,1,0.36875,0.08796,0,,0.37083,0.49590,18.48067,0.95836,1,0.67343,0.47613,16.32310,0.95836,1,0,0.00000,15,AOI 9,
5,Horizontal,915,15.03192,90153982593,0.29700,0.65536,14.55534,0.47658,33,1,0.33989,0.61979,1,0.36875,0.08796,0,,0.37569,0.49527,18.32863,0.95836,1,0.67852,0.47652,16.74342,0.95836,1,0,0.00000,15,AOI 11,
5,Horizontal,948,15.57422,90155884681,0.32654,0.65258,15.04842,0.52580,34,1,0.36286,0.65565,1,0.36875,0.08796,0,,0.37796,0.49727,17.65362,1.00003,1,0.68114,0.47949,16.34850,1.00003,1,0,0.00000,15,AOI 11,
5,Horizontal,963,15.82324,90156758150,0.44643,0.63082,15.59079,0.23245,35,1,0.56489,0.63891,1,0.36875,0.08796,0,,0.38625,0.49748,18.48751,1.00419,1,0.68939,0.47999,15.56983,1.02919,1,0,0.00000,15,AOI 11,
5,Horizontal,981,16.11630,90157786071,0.53331,0.70266,15.88632,0.22998,36,1,0.44739,0.74727,1,0.36875,0.08796,0,,0.37779,0.50308,17.14487,0.99041,1,0.68064,0.48435,16.15505,0.98080,1,0,0.00000,15,AOI 11,
5,Horizontal,1000,16.42830,90158880411,0.43760,0.76376,16.13249,0.29581,37,1,0.26827,0.79490,1,0.36875,0.08796,0,,0.37561,0.50112,17.05555,1.03507,1,0.67874,0.48385,16.72542,1.03507,1,0,0.00000,15,AOI 11,
5,Horizontal,1036,17.01965,90160954579,0.30656,0.79006,16.49402,0.52563,38,1,0.32814,0.75876,1,0.36875,0.08796,0,,0.37353,0.50093,18.32370,0.97038,1,0.67634,0.48185,16.59031,0.96077,1,0,0.00000,15,AOI 11,
5,Horizontal,1057,17.36476,90162165058,0.33852,0.78178,17.03613,0.32863,39,1,0.27517,0.80336,1,0.36875,0.08796,0,,0.37353,0.50161,18.71157,1.03507,1,0.67639,0.48268,16.80654,1.03507,1,0,0.00000,15,AOI 11,
5,Horizontal,1083,17.79323,90163667919,0.27559,0.81433,17.38115,0.41208,40,1,0.25910,0.86200,1,0.36875,0.08796,0,,0.37561,0.50201,18.63895,0.97920,1,0.67839,0.48365,16.34355,0.97920,1,0,0.00000,15,AOI 11,
5,Horizontal,1101,18.08752,90164700168,0.30951,0.80482,17.80844,0.27908,41,1,0.29061,0.52628,1,0.36875,0.08796,0,,0.37674,0.49155,17.86846,0.99245,1,0.67931,0.47339,15.94148,0.98109,1,0,0.00000,15,AOI 11,
5,Horizontal,1136,18.66252,90166716950,0.30353,0.30111,18.15302,0.50951,42,1,0.33050,0.25798,1,0.36875,0.08796,0,,0.38126,0.48386,16.88147,0.96973,1,0.68372,0.46716,15.48738,0.95836,1,0,0.00000,15,AOI 7,
5,Horizontal,1159,19.04022,90168041750,0.30457,0.14885,18.72809,0.31213,43,1,0.27645,0.14985,1,0.36875,0.08796,0,,0.37913,0.48354,17.51103,1.03961,1,0.68172,0.46729,16.76912,1.06461,1,0,0.00000,15,,
5,Horizontal,1200,19.71384,90170404457,0.29811,0.19683,19.05670,0.65714,44,1,0.28618,0.23230,1,0.36875,0.08796,0,,0.37794,0.48212,17.21597,0.95836,1,0.68016,0.46434,15.60250,0.95836,1,0,0.00000,15,AOI 5,
5,Horizontal,1227,20.15738,90171960208,0.32682,0.22986,19.73027,0.42711,45,1,0.36768,0.25289,1,0.36875,0.08796,0,,0.38183,0.48132,17.13349,0.95836,1,0.68423,0.46336,16.29625,0.95836,1,0,0.00000,15,AOI 5,
5,Horizontal,1254,20.60098,90173516180,0.36687,0.23654,20.17389,0.42709,46,1,0.32617,0.23065,1,0.36875,0.08796,0,,0.37907,0.48311,16.58563,0.95836,1,0.68118,0.46446,15.12877,0.95836,1,0,0.00000,15,AOI 5,
5,Horizontal,1292,21.22546,90175706543,0.30199,0.23435,20.61740,0.60806,47,1,0.34827,0.28019,1,0.36875,0.08796,0,,0.37881,0.48549,16.77533,0.99378,1,0.68133,0.46850,16.16219,0.98014,1,0,0.00000,15,AOI 5,
5,Horizontal,1325,21.76750,90177607739,0.28886,0.31745,21.24164,0.52586,48,1,0.30830,0.31147,1,0.36875,0.08796,0,,0.38097,0.48738,16.72896,0.96878,1,0.68311,0.47092,15.86654,0.98014,1,0,0.00000,15,AOI 7,
5,Horizontal,1344,22.07959,90178702409,0.34046,0.29968,21.78387,0.29572,49,1,0.35046,0.22134,1,0.36875,0.08796,0,,0.38379,0.48737,17.28358,1.08412,1,0.68610,0.47030,14.88864,1.09776,1,0,0.00000,15,AOI 7,
5,Horizontal,1363,22.39207,90179798481,0.37612,0.29014,22.09612,0.29596,50,1,0.41674,0.29667,1,0.36875,0.08796,0,,0.38825,0.48646,17.42644,0.95836,1,0.69050,0.47100,16.10293,0.95836,1,0,0.00000,14,AOI 7,
5,Horizontal,1382,22.70370,90180891527,0.35510,0.28411,22.45734,0.24637,51,1,0.35525,0.52380,0,0.36875,0.08796,0,,0.38296,0.48780,11.31546,0.95836,0,0.68484,0.46957,12.31742,0.95836,0,21,0.00000,14,AOI 7,
5,Horizontal,1410,23.16385,90182505443,0.28731,0.51354,22.96678,0.19707,52,1,0.22665,1.57935,1,0.36875,0.08796,0,,0.39521,0.52200,16.07536,1.05420,1,0.69284,0.50814,14.59739,1.02920,1,0,0.00000,15,AOI 9,
5,Horizontal,1468,24.11662,90185847337,0.57328,0.26697,23.57449,0.54213,53,1,0.56121,0.26355,1,0.36875,0.08796,0,,0.41374,0.48093,18.95470,1.02276,1,0.71455,0.46979,16.36160,1.03412,1,0,0.00000,14,AOI 7,
6,White Screen 2,19,0.31117,90187000431,0.56677,0.26444,0.00000,0.31117,1,1,0.57004,0.37141,1,0.36875,0.08796,0,,0.41356,0.48256,17.90804,1.00420,1,0.71452,0.47056,16.91763,1.00420,1,0,0.00000,14,,
6,White Screen 2,63,1.03377,90189534962,0.49491,0.06798,0.86967,0.16409,2,1,0.50134,0.05518,0,0.36875,0.08796,0,,0.41615,0.46526,17.08239,1.10003,0,0.71502,0.45545,16.62391,1.10003,0,0,0.00000,15,,
6,White Screen 2,90,1.47752,90191091454,0.46378,0.11974,1.24741,0.23012,3,1,0.63523,0.27775,1,0.36875,0.08796,0,,0.42814,0.47415,17.99244,0.95836,1,0.72774,0.46830,15.94676,0.98336,1,0,0.00000,15,,
6,White Screen 2,115,1.88803,90192531305,0.68752,0.31959,1.54330,0.34473,4,1,0.68479,0.56965,1,0.36875,0.08796,0,,0.43401,0.47975,15.70972,0.95836,1,0.73375,0.47610,13.74393,0.95836,1,0,0.00000,15,,
6,White Screen 2,146,2.39738,90194317863,0.70230,0.95635,1.95387,0.44351,5,1,0.74601,1.01183,1,0.36875,0.08796,0,,0.43535,0.49267,18.08145,1.01234,1,0.73536,0.48965,17.99544,1.02370,1,0,0.00000,15,,
6,White Screen 2,189,3.10378,90196795529,0.74972,1.03351,2.41373,0.69005,6,1,0.61810,1.06666,1,0.36875,0.08796,0,,0.43271,0.49465,19.81997,1.00287,1,0.73312,0.49218,20.16427,1.01424,1,0,0.00000,14,,
6,White Screen 2,209,3.43222,90197947561,0.43133,1.07746,3.16946,0.26276,7,1,0.20164,1.08743,1,0.36875,0.08796,0,,0.41908,0.49500,21.27071,1.00836,1,0.71933,0.49116,21.31330,1.03336,1,0,0.00000,14,,
6,White Screen 2,231,3.79390,90199216179,0.23374,1.08499,3.49815,0.29575,8,1,0.48508,1.13823,1,0.36875,0.08796,0,,0.43137,0.49667,20.71748,1.12503,1,0.73157,0.49461,19.53556,1.13640,1,0,0.00000,14,,
6,White Screen 2,248,4.07303,90200195229,0.59479,1.06040,3.85953,0.21350,9,1,0.76759,0.99494,1,0.36875,0.08796,0,,0.44084,0.49538,21.39149,1.01234,1,0.74140,0.49592,21.40849,1.02371,1,0,0.00000,14,,
6,White Screen 2,265,4.35228,90201174725,0.62569,1.05437,4.13875,0.21353,10,1,0.46202,1.09521,1,0.36875,0.08796,0,,0.43187,0.49523,20.53982,1.03829,1,0.73236,0.49534,21.12709,1.05193,1,0,0.00000,14,,
6,White Screen 2,342,5.61739,90205612067,0.46167,1.04221,4.41812,1.19926,11,1,0.48060,0.89769,1,0.36875,0.08796,0,,0.42713,0.46562,22.46831,0.99378,1,0.72853,0.46566,22.26999,0.96878,1,0,0.00000,14,,
6,White Screen 2,365,5.99512,90206936986,0.40086,0.09849,5.73241,0.26271,12,1,0.36711,0.03268,1,0.36875,0.08796,0,,0.43262,0.45538,20.78784,0.95837,1,0.73283,0.45935,20.22769,0.95837,1,0,0.00000,14,,
6,White Screen 2,375,6.15938,90207513135,0.37076,0.08967,6.01146,0.14792,13,1,0.37728,0.15485,0,0.36875,0.08796,0,,0.43162,0.45850,16.93976,0.95837,0,0.73291,0.46171,18.30611,0.95837,0,23,0.00000,14,,
6,White Screen 2,401,6.58693,90209012782,0.76012,0.00537,6.37321,0.21371,14,1,0.87695,0.13432,1,0.36875,0.08796,0,,0.45560,0.45969,18.34783,0.93032,1,0.75593,0.46623,17.60665,0.93032,1,0,0.00000,15,,
6,White Screen 2,417,6.84950,90209933760,0.75243,0.37703,6.65242,0.19708,15,1,0.60138,0.67712,1,0.36875,0.08796,0,,0.44350,0.47746,17.61997,1.03507,1,0.74481,0.48290,16.14524,1.02371,1,0,0.00000,15,,
6,White Screen 2,451,7.40813,90211893161,0.70801,1.01226,7.01389,0.39424,16,1,0.47996,1.05083,1,0.36875,0.08796,0,,0.43832,0.49047,16.73968,1.01329,1,0.73928,0.49724,17.08766,1.00193,1,0,0.00000,15,,
6,White Screen 2,483,7.93378,90213736885,0.47577,1.05102,7.47372,0.46005,17,1,0.45389,1.12259,1,0.36875,0.08796,0,,0.43795,0.48913,19.62957,1.08640,1,0.73963,0.49501,19.64051,1.08640,1,0,0.00000,14,,
6,White Screen 2,528,8.67302,90216329781,0.48538,1.07752,7.95015,0.72287,18,1,0.47127,1.10148,1,0.36875,0.08796,0,,0.43733,0.48935,21.33965,1.02371,1,0.73865,0.49404,21.17020,1.02371,1,0,0.00000,14,,
6,White Screen 2,565,9.28088,90218461886,0.46151,1.07162,8.68938,0.59151,19,1,0.44521,1.09155,1,0.36875,0.08796,0,,0.44024,0.49141,21.82636,0.98337,1,0.74147,0.49683,21.73368,1.00837,1,0,0.00000,14,,
6,White Screen 2,610,10.01999,90221054330,0.46787,1.06992,9.29895,0.72104,20,1,0.67804,0.91725,1,0.36875,0.08796,0,,0.44514,0.48189,21.72787,1.01329,1,0.74635,0.48839,20.70467,1.00193,1,0,0.00000,14,,
6,White Screen 2,632,10.38144,90222322128,0.76248,0.74267,10.08609,0.29535,21,1,0.81774,0.99029,1,0.36875,0.08796,0,,0.45479,0.48855,19.21261,1.02712,1,0.75546,0.49692,19.68989,1.02712,1,0,0.00000,14,,
6,White Screen 2,654,10.74301,90223590322,0.77958,1.01597,10.44733,0.29568,22,1,0.75808,1.03630,1,0.36875,0.08796,0,,0.45721,0.49126,15.39216,0.95837,1,0.75786,0.50401,18.07338,0.95837,1,0,0.00000,14,,
6,White Screen 2,684,11.23569,90225318403,0.75127,1.05504,10.75922,0.47647,23,1,0.74546,1.06239,0,0.36875,0.08796,0,,0.45864,0.49259,17.45426,1.03413,0,0.75973,0.50520,19.17922,1.04549,0,24,0.00000,14,,
6,White Screen 2,723,11.87636,90227565588,0.76789,1.17750,11.54779,0.32857,24,1,0.74417,1.14401,1,0.36875,0.08796,0,,0.46031,0.49430,18.14942,0.99246,1,0.76225,0.50703,19.64792,0.99246,1,0,0.00000,15,,
6,White Screen 2,737,12.10654,90228372898,0.60891,1.09809,11.89302,0.21352,25,1,0.56199,1.06206,1,0.36875,0.08796,0,,0.45194,0.49370,18.32790,0.96879,1,0.75403,0.50478,19.80616,0.96879,1,0,0.00000,15,,
6,White Screen 2,757,12.43515,90229525534,0.51884,1.05223,12.12303,0.31212,26,1,0.47376,1.05810,1,0.36875,0.08796,0,,0.44910,0.49423,18.49169,0.97920,1,0.75134,0.50622,19.48701,0.97920,1,0,0.00000,15,,
6,White Screen 2,788,12.94438,90231311658,0.45841,1.09290,12.45135,0.49303,27,1,0.63533,1.01798,1,0.36875,0.08796,0,,0.45686,0.49148,20.11170,1.03507,1,0.75829,0.50370,20.64756,1.03507,1,0,0.00000,15,,
6,White Screen 2,796,13.07587,90231772883,0.65108,0.98676,13.01025,0.06561,28,1,0.63224,1.12361,1,0.36875,0.08796,0,,0.45570,0.49107,18.99174,0.99057,1,0.75700,0.50412,17.49712,1.00193,1,0,0.00000,15,,
6,White Screen 2,824,13.53564,90233385517,0.58801,0.12265,13.33878,0.19687,29,1,1.03408,0.30241,1,0.36875,0.08796,0,,0.46988,0.46849,17.79989,0.93914,1,0.77020,0.47915,15.66353,0.92952,1,0,0.00000,15,,
6,White Screen 2,842,13.83154,90234423396,1.02610,0.31088,13.60152,0.23003,30,1,1.49747,0.37411,1,0.36875,0.08796,0,,0.47605,0.47786,15.64096,0.82147,1,0.77617,0.48918,15.59509,0.82147,1,0,0.00000,15,,
6,White Screen 2,853,14.01270,90235058829,1.18166,0.48307,13.94637,0.06633,31,1,1.18128,0.46114,1,0.36875,0.08796,0,,0.47694,0.47771,15.08979,0.86130,1,0.77765,0.48991,15.20664,0.85306,1,0,0.00000,15,,
6,White Screen 2,866,14.22571,90235805974,1.30458,0.47627,14.02846,0.19725,32,1,1.48838,0.36105,1,0.36875,0.08796,0,,0.47825,0.47797,15.59201,0.82147,1,0.77931,0.49076,15.62741,0.82147,1,0,0.00000,15,,
6,White Screen 2,894,14.68575,90237419528,0.59516,0.19578,14.63649,0.04926,33,1,0.54089,0.17484,1,0.36875,0.08796,0,,0.45536,0.46742,17.99231,1.02712,1,0.75731,0.47976,17.86786,1.02712,1,0,0.00000,15,,
6,White Screen 2,919,15.09831,90238866650,0.38965,0.07450,14.75145,0.34686,34,1,0.34395,0.33087,0,0.36875,0.08796,0,,0.44509,0.46455,15.58027,0.95837,0,0.74777,0.47768,10.38601,0.95837,0,27,0.00000,15,,
6,White Screen 2,951,15.62221,90240704197,0.80286,-0.02472,15.30984,0.31236,35,1,0.74356,0.12866,1,0.36875,0.08796,0,,0.45634,0.46281,16.11006,0.90308,1,0.75737,0.47366,15.06431,0.90308,1,0,0.00000,16,,
6,White Screen 2,987,16.21365,90242778695,0.66844,1.31589,15.73723,0.47643,36,1,0.76449,1.26491,1,0.36875,0.08796,0,,0.45318,0.49543,17.24566,1.00098,1,0.75359,0.50597,16.17650,1.00098,1,0,0.00000,15,,
6,White Screen 2,1010,16.59135,90244103502,0.76324,1.13764,16.27917,0.31218,37,1,0.76353,1.07625,1,0.36875,0.08796,0,,0.45292,0.49359,18.12787,1.02277,1,0.75414,0.50390,18.72234,1.03413,1,0,0.00000,15,,
6,White Screen 2,1030,16.91985,90245255687,0.74397,1.07561,16.60771,0.31213,38,1,0.52517,1.12002,1,0.36875,0.08796,0,,0.44531,0.49624,16.92773,1.01140,1,0.74620,0.50569,17.07358,1.02277,1,0,0.00000,15,,
6,White Screen 2,1062,17.44560,90247099777,0.46005,1.10919,16.98572,0.45988,39,1,0.46805,1.23632,0,0.36875,0.08796,0,,0.44243,0.50031,15.29122,1.00004,0,0.74320,0.50720,16.69481,1.00004,0,28,0.00000,15,,
6,White Screen 2,1091,17.92195,90248770625,0.65876,1.07199,17.70848,0.21347,40,1,0.77185,1.10724,1,0.36875,0.08796,0,,0.45162,0.49504,20.18779,1.04152,1,0.75333,0.50514,20.00451,1.05515,1,0,0.00000,16,,
6,White Screen 2,1128,18.52983,90250902762,0.75068,1.08038,17.93916,0.59067,41,1,0.79791,1.14128,1,0.36875,0.08796,0,,0.45352,0.49554,18.94007,1.01424,1,0.75493,0.50574,19.64617,1.01424,1,0,0.00000,16,,
6,White Screen 2,1144,18.79303,90251825923,0.72471,1.06802,18.54616,0.24687,42,1,0.59758,1.01739,1,0.36875,0.08796,0,,0.44819,0.49225,18.95524,0.99057,1,0.74940,0.50155,20.05416,1.00193,1,0,0.00000,16,,
6,White Screen 2,1171,19.23647,90253381301,0.57932,1.00019,18.85858,0.37788,43,1,0.45864,1.00977,1,0.36875,0.08796,0,,0.44309,0.49378,18.62821,1.01330,1,0.74449,0.50173,19.90834,1.00193,1,0,0.00000,16,,
6,White Screen 2,1192,19.58119,90254590396,0.48455,1.05398,19.25395,0.32724,44,1,0.47187,1.15843,1,0.36875,0.08796,0,,0.44494,0.49691,16.54168,1.01330,1,0.74591,0.50492,17.27046,1.00193,1,0,0.00000,16,,
6,White Screen 2,1248,20.50133,90257817800,1.42680,1.15710,20.43562,0.06570,45,1,1.42667,1.18475,1,0.36875,0.08796,0,,0.48348,0.49470,15.05564,0.58466,1,0.76895,0.49061,18.31015,0.58466,0,0,0.00000,17,,
6,White Screen 2,1303,21.40495,90260987290,0.67677,-0.45498,21.20758,0.19737,46,1,0.48699,-0.53439,1,0.36875,0.08796,0,,0.44121,0.45198,14.85751,0.95837,1,0.74263,0.45856,14.87074,0.95837,1,0,0.00000,18,,
6,White Screen 2,1322,21.71693,90262081599,0.46489,-0.46312,21.47049,0.24644,47,1,0.44907,-0.01483,1,0.36875,0.08796,0,,0.44101,0.46343,14.05869,0.97229,1,0.74171,0.46917,14.72349,0.99327,1,0,0.00000,18,,
6,White Screen 2,1359,22.32480,90264213659,0.45285,-0.05240,21.78264,0.54216,48,1,0.57046,-0.00786,1,0.36875,0.08796,0,,0.44200,0.47176,15.01494,1.06462,1,0.74194,0.47654,14.20393,1.06462,1,0,0.00000,18,,
6,White Screen 2,1375,22.58791,90265136511,0.82525,0.25942,22.39055,0.19736,49,1,1.13751,0.44723,1,0.36875,0.08796,0,,0.46294,0.48314,15.41626,0.90064,1,0.76277,0.48846,13.93803,0.87564,1,0,0.00000,17,,
6,White Screen 2,1394,22.89989,90266230796,1.03664,0.56748,22.65363,0.24626,50,1,0.86445,0.80069,1,0.36875,0.08796,0,,0.45265,0.49175,14.30656,0.88033,1,0.75197,0.49670,15.69360,0.89571,1,0,0.00000,17,,
6,White Screen 2,1443,23.70468,90269053662,0.91825,0.84693,22.96542,0.73926,51,1,0.95749,0.88510,1,0.36875,0.08796,0,,0.45468,0.49541,14.11402,1.02119,1,0.75461,0.50124,16.35051,1.02119,1,0,0.00000,16,,
6,White Screen 2,1494,24.54257,90271992574,0.95168,0.90361,23.72134,0.82123,52,1,0.91970,0.90661,1,0.36875,0.08796,0,,0.45531,0.49421,15.33403,0.96974,1,0.75523,0.50007,17.50379,0.95837,1,0,0.00000,16,,
6,White Screen 2,1507,24.75607,90272741400,0.87879,1.06211,24.55894,0.19713,53,1,0.84300,1.22817,1,0.36875,0.08796,0,,0.45011,0.50249,15.74452,1.03337,1,0.74993,0.50784,16.92075,1.00837,1,0,0.00000,16,,
6,White Screen 2,1522,25.00252,90273605848,0.76347,1.11566,24.77257,0.22995,54,1,0.67967,1.02870,1,0.36875,0.08796,0,,0.44649,0.49712,16.92997,0.95837,1,0.74720,0.50256,17.60674,0.95837,1,0,0.00000,16,,
6,White Screen 2,1539,25.28180,90274585404,0.74211,1.04316,25.01907,0.26273,55,1,0.76832,1.03264,1,0.36875,0.08796,0,,0.44994,0.49658,17.21475,1.05004,1,0.75036,0.50280,17.94426,1.05004,1,0,0.00000,16,,
6,White Screen 2,1552,25.49588,90275336334,0.85439,1.14071,25.29828,0.19760,56,1,1.22844,1.42420,1,0.36875,0.08796,0,,0.46713,0.50329,17.60244,0.95421,1,0.76408,0.51336,15.30200,0.92921,1,0,0.00000,16,,
6,White Screen 2,1572,25.82426,90276488096,1.00598,1.10868,25.61055,0.21371,57,1,1.10177,1.08465,0,0.36875,0.08796,0,,0.47325,0.49774,9.93548,0.56921,0,0.77520,0.50781,15.41542,0.60530,0,0,0.00000,16,,
6,White Screen 2,1595,26.20192,90277812756,0.49358,0.35624,26.13605,0.06587,58,1,0.49266,0.22502,1,0.36875,0.08796,0,,0.44140,0.46943,15.58920,0.82405,1,0.74230,0.47577,16.27597,0.87011,1,0,0.00000,16,,
6,White Screen 2,1615,26.53032,90278964617,0.39680,-0.01862,26.26953,0.26079,59,1,0.47262,0.10055,1,0.36875,0.08796,0,,0.44098,0.47309,13.42280,1.06557,1,0.73963,0.47810,13.99298,1.05194,1,0,0.00000,16,,
6,White Screen 2,1631,26.79330,90279887030,0.74496,0.63745,26.59615,0.19716,60,1,0.93913,0.84561,1,0.36875,0.08796,0,,0.45525,0.49371,14.80884,0.98110,1,0.75390,0.49925,15.65229,0.99247,1,0,0.00000,16,,
6,White Screen 2,1648,27.07242,90280866055,0.93766,0.99193,26.85890,0.21352,61,1,1.02437,1.33561,1,0.36875,0.08796,0,,0.45713,0.50463,14.45394,0.94876,1,0.75496,0.50988,15.56189,0.93914,1,0,0.00000,16,,
6,White Screen 2,1665,27.35190,90281846311,1.01677,1.45939,27.13840,0.21350,62,1,1.03279,1.57465,1,0.36875,0.08796,0,,0.45931,0.50892,15.03997,0.94876,1,0.75714,0.51602,15.37657,0.95837,1,0,0.00000,16,,
6,White Screen 2,1678,27.56540,90282595183,0.87274,1.51123,27.36844,0.19696,63,1,0.65676,1.41701,1,0.36875,0.08796,0,,0.44406,0.50701,16.02981,0.95036,1,0.74341,0.51351,15.82292,0.95998,1,0,0.00000,16,,
6,White Screen 2,1696,27.86105,90283632217,0.60806,1.52392,27.63107,0.22998,64,1,0.54148,1.62417,1,0.36875,0.08796,0,,0.44193,0.51187,16.65997,1.07504,1,0.73955,0.51836,15.83635,1.05004,1,0,0.00000,16,,
6,White Screen 2,1719,28.23897,90284957755,0.56902,1.63691,27.87752,0.36145,65,1,0.62480,1.72022,1,0.36875,0.08796,0,,0.44375,0.51346,17.80878,1.04550,1,0.74144,0.51939,16.81522,1.04550,1,0,0.00000,15,,
6,White Screen 2,1787,29.35617,90288876365,0.60258,1.67196,28.25548,1.10069,66,1,0.60187,1.71626,1,0.36875,0.08796,0,,0.44370,0.51231,18.53766,1.04550,1,0.74154,0.51838,18.02893,1.04550,1,0,0.00000,15,,
6,White Screen 2,1815,29.81616,90290489791,0.62089,1.68767,29.37242,0.44374,67,1,0.69106,1.51129,1,0.36875,0.08796,0,,0.44589,0.51148,17.92591,0.98016,1,0.74415,0.51756,17.18476,0.98016,1,0,0.00000,15,,
6,White Screen 2,1831,30.08202,90291422248,0.63895,1.61569,29.83257,0.24945,68,1,0.63481,1.37161,1,0.36875,0.08796,0,,0.44614,0.50265,18.94270,1.00421,1,0.74513,0.50878,18.01170,1.00421,1,0,0.00000,15,,
6,White Screen 2,1856,30.48955,90292851707,0.65826,1.32720,30.14456,0.34499,69,1,0.73440,1.31679,1,0.36875,0.08796,0,,0.44675,0.50193,18.32962,0.95838,1,0.74635,0.50869,17.18146,0.95838,1,0,0.00000,15,,
6,White Screen 2,1869,30.70334,90293601586,0.71633,1.47178,30.55547,0.14787,70,1,0.73837,1.55730,0,0.36875,0.08796,0,,0.44716,0.50635,12.91655,0.98963,1,0.74520,0.51491,7.44144,0.98963,0,0,0.00000,15,,
6,White Screen 2,1885,30.96616,90294523413,0.66029,1.50686,30.76892,0.19724,71,1,0.65091,1.67818,1,0.36875,0.08796,0,,0.44926,0.51198,17.44162,1.04550,1,0.74695,0.51989,16.80407,1.04550,1,0,0.00000,15,,
6,White Screen 2,1906,31.31105,90295733143,0.66670,1.76926,31.03165,0.27940,72,1,0.69021,1.84881,1,0.36875,0.08796,0,,0.45067,0.51352,19.05063,1.04550,1,0.74848,0.52217,18.22128,1.04550,1,0,0.00000,14,,
6,White Screen 2,1928,31.67239,90297000562,0.64087,1.85861,31.32741,0.34499,73,1,0.63477,1.85761,1,0.36875,0.08796,0,,0.45091,0.51298,18.43375,1.04550,1,0.74840,0.52161,17.09692,1.04550,1,0,0.00000,14,,
6,White Screen 2,1950,32.03377,90298268100,0.64398,1.84243,31.68893,0.34483,74,1,0.66068,1.75468,1,0.36875,0.08796,0,,0.44971,0.51280,18.00500,1.04550,1,0.74723,0.52107,16.61242,1.04550,1,0,0.00000,14,,
6,White Screen 2,1995,32.77318,90300861563,0.77906,1.97608,32.49600,0.27718,75,1,0.78579,1.86276,1,0.36875,0.08796,0,,0.44949,0.51458,16.38194,1.04550,1,0.74626,0.52128,16.48917,1.04550,1,0,0.00000,15,,
6,White Screen 2,2040,33.51241,90303454432,0.77691,1.92199,32.78954,0.72287,76,1,0.72870,1.94061,1,0.36875,0.08796,0,,0.44830,0.51706,15.76134,1.04550,1,0.74491,0.52366,15.82557,1.04550,1,0,0.00000,15,,
6,White Screen 2,2065,33.92311,90304894997,0.61559,1.88947,33.57973,0.34338,77,1,0.68342,1.78435,1,0.36875,0.08796,0,,0.44857,0.51300,16.41215,1.04550,1,0.74618,0.51961,16.38709,1.04550,1,0,0.00000,15,,
6,White Screen 2,2085,34.25160,90306047159,0.69172,1.80734,33.93948,0.31212,78,1,0.69679,1.51555,1,0.36875,0.08796,0,,0.44978,0.50461,16.18628,1.04550,1,0.74615,0.51158,15.57342,1.04550,1,0,0.00000,15,,
6,White Screen 2,2103,34.54715,90307083801,0.68480,1.35796,34.31715,0.23000,79,1,0.77413,1.26368,1,0.36875,0.08796,0,,0.45138,0.49856,19.78044,0.99043,1,0.75037,0.50554,19.79940,1.00004,1,0,0.00000,15,,
6,White Screen 2,2117,34.77744,90307891541,0.77323,1.21600,34.56497,0.21246,80,1,0.79120,1.14046,1,0.36875,0.08796,0,,0.45227,0.49714,18.10231,1.00383,1,0.75228,0.50482,18.77627,1.00383,1,0,0.00000,15,,
6,White Screen 2,2136,35.08934,90308985540,0.73741,1.12542,34.79396,0.29538,81,1,0.57690,1.15187,1,0.36875,0.08796,0,,0.44320,0.49836,16.10707,1.02713,1,0.74367,0.50319,17.51998,1.05213,1,0,0.00000,15,,
6,White Screen 2,2178,35.77934,90311405783,0.44414,1.13230,35.15512,0.62422,82,1,0.44100,1.20758,1,0.36875,0.08796,0,,0.43856,0.50080,16.23347,1.01425,1,0.73895,0.50424,17.25697,1.01425,1,0,0.00000,15,,
6,White Screen 2,2200,36.14116,90312674858,0.98187,1.59372,35.94377,0.19739,83,1,1.35097,1.72713,1,0.36875,0.08796,0,,0.46491,0.50887,19.03792,1.04550,1,0.76315,0.52013,14.01211,1.04550,1,0,0.00000,15,,
6,White Screen 2,2219,36.45297,90313768532,1.28275,1.76431,36.20677,0.24620,84,1,1.19823,1.79415,1,0.36875,0.08796,0,,0.46086,0.51119,18.42833,1.04550,1,0.75947,0.52050,15.75707,1.04550,1,0,0.00000,15,,
6,White Screen 2,2238,36.76530,90314864049,0.87066,1.77534,36.51877,0.24654,85,1,0.57188,1.79155,1,0.36875,0.08796,0,,0.44576,0.51324,15.21787,1.04550,1,0.74445,0.51904,15.43136,1.04550,1,0,0.00000,14,,
6,White Screen 2,2260,37.12651,90316130997,0.56712,1.81035,36.83087,0.29564,86,1,0.55370,1.85588,1,0.36875,0.08796,0,,0.44399,0.51517,16.20042,1.04550,1,0.74295,0.51971,16.56386,1.04550,1,0,0.00000,14,,
6,White Screen 2,2273,37.34010,90316880147,0.50605,1.99415,37.14288,0.19722,87,1,0.35072,2.60113,1,0.36875,0.08796,0,,0.43934,0.52889,18.40784,1.04550,1,0.73463,0.53365,18.60201,1.04550,1,0,0.00000,14,,
6,White Screen 2,2286,37.55365,90317629163,0.05131,-0.00189,37.50439,0.04926,88,1,0.04561,0.02032,1,0.36875,0.08796,0,,0.43936,0.53639,15.29857,1.04550,1,0.73392,0.53930,17.37701,1.04550,1,0,0.00000,14,,
6,White Screen 2,2323,38.16147,90319761117,1.36264,0.76673,37.96436,0.19711,89,1,1.30985,0.96481,1,0.36875,0.08796,0,,0.47939,0.49411,16.18771,0.60531,1,0.77263,0.49356,15.45763,0.60531,0,0,0.00000,14,,
6,White Screen 2,2342,38.47366,90320856162,1.14460,0.90865,38.27640,0.19727,90,1,1.26025,0.89983,1,0.36875,0.08796,0,,0.47930,0.49298,14.73544,0.63010,1,0.77688,0.50021,15.17510,0.65583,1,0,0.00000,14,,
6,White Screen 2,2361,38.78590,90321951308,1.26150,0.92990,38.49025,0.29565,91,1,1.15993,1.04505,0,0.36875,0.08796,0,,0.47235,0.49108,10.13384,0.63893,0,0.77579,0.49980,14.10169,0.63893,0,33,0.00000,14,,
6,White Screen 2,2390,39.26228,90323622235,0.54643,0.34400,39.04872,0.21356,92,1,0.75764,0.39700,1,0.36875,0.08796,0,,0.45472,0.47762,15.41257,0.96027,1,0.75475,0.48362,15.56161,0.98949,1,0,0.00000,15,,
6,White Screen 2,2404,39.49223,90324428819,0.76881,0.60957,39.32805,0.16418,93,1,0.77024,1.12620,1,0.36875,0.08796,0,,0.45422,0.49879,13.15988,1.00421,1,0.75259,0.50459,15.27830,1.00421,1,0,0.00000,15,,
6,White Screen 2,2427,39.87015,90325754319,0.76490,1.13995,39.55803,0.31212,94,1,0.69761,1.14644,1,0.36875,0.08796,0,,0.45052,0.50034,15.39349,0.94876,1,0.75100,0.50687,15.14701,0.95838,1,0,0.00000,15,,
6,White Screen 2,2449,40.23164,90327022269,0.67032,1.19239,39.88664,0.34500,95,1,0.62280,1.24858,1,0.36875,0.08796,0,,0.44688,0.50315,16.66073,1.07050,1,0.74766,0.50882,17.36684,1.07050,1,0,0.00000,15,,
6,White Screen 2,2477,40.69159,90328635586,0.43524,1.11215,40.29736,0.39423,96,1,0.48927,1.11878,1,0.36875,0.08796,0,,0.44125,0.49862,18.90989,0.98081,1,0.74205,0.50359,18.61982,0.99043,1,0,0.00000,15,,
6,White Screen 2,2499,41.05301,90329903274,0.44434,1.10675,40.70804,0.34497,97,1,0.32243,1.17972,1,0.36875,0.08796,0,,0.43697,0.49959,18.01485,1.02372,1,0.73743,0.50284,19.46505,1.03508,1,0,0.00000,15,,
6,White Screen 2,2523,41.44714,90331285667,0.12899,1.16046,41.11864,0.32851,98,1,0.12038,1.29242,0,0.36875,0.08796,0,,0.43261,0.50191,15.45727,1.00004,0,0.73231,0.50236,18.62620,1.00004,0,34,0.00000,15,,
6,White Screen 2,2563,42.10425,90333590495,0.17324,1.11994,41.71001,0.39424,99,1,0.49543,1.30316,1,0.36875,0.08796,0,,0.44442,0.50077,18.30815,1.10913,1,0.74499,0.50696,15.14195,1.12277,1,0,0.00000,15,,
6,White Screen 2,2581,42.39983,90334627246,0.63559,1.35893,42.16995,0.22987,100,1,0.71421,1.52127,1,0.36875,0.08796,0,,0.45334,0.51064,19.14626,0.98256,1,0.75226,0.51857,15.92107,1.00354,1,0,0.00000,15,,
6,White Screen 2,2597,42.66281,90335549684,0.70504,1.82101,42.46581,0.19701,101,1,0.64987,2.07712,1,0.36875,0.08796,0,,0.45180,0.51441,19.13819,1.15004,1,0.75037,0.52251,16.62773,1.15004,1,0,0.00000,15,,
6,White Screen 2,2616,42.97522,90336645417,0.57330,2.03744,42.72859,0.24663,102,1,0.51850,2.10444,1,0.36875,0.08796,0,,0.44832,0.51598,18.01206,1.15004,1,0.74557,0.52289,16.48372,1.15004,1,0,0.00000,15,,
6,White Screen 2,2639,43.35291,90337970181,0.46380,2.00172,42.99448,0.35843,103,1,0.40219,1.96878,1,0.36875,0.08796,0,,0.44521,0.51669,17.42483,1.15004,1,0.74230,0.52230,16.11841,1.15004,1,0,0.00000,15,,
6,White Screen 2,2657,43.64844,90339006787,0.39484,2.00257,43.36923,0.27921,104,1,0.36924,1.99562,1,0.36875,0.08796,0,,0.44380,0.51743,16.79716,1.15004,1,0.74151,0.52146,16.95890,1.15004,1,0,0.00000,15,,
6,White Screen 2,2688,44.15800,90340794081,0.37837,2.00833,43.66502,0.49298,105,1,0.44967,2.10527,1,0.36875,0.08796,0,,0.44012,0.52041,16.83893,1.15004,1,0.73872,0.52480,16.07738,1.15004,1,0,0.00000,15,,
6,White Screen 2,2715,44.60133,90342349055,0.43791,2.15295,44.22345,0.37788,106,1,0.77483,2.08070,1,0.36875,0.08796,0,,0.45498,0.51866,17.99110,1.15004,1,0.75219,0.52542,17.27641,1.15004,1,0,0.00000,15,,
6,White Screen 2,2728,44.81511,90343098896,0.91203,1.94745,44.66711,0.14799,107,1,0.81777,2.12486,0,0.36875,0.08796,0,,0.46140,0.51348,17.54985,1.15004,1,0.75990,0.52246,16.10942,1.15004,1,0,0.00000,15,,
6,White Screen 2,2754,45.24225,90344597094,0.44059,2.16247,44.92986,0.31239,108,1,0.36940,2.32150,1,0.36875,0.08796,0,,0.44768,0.52212,16.12057,1.15004,1,0.74396,0.52848,17.19776,1.15004,1,0,0.00000,15,,
6,White Screen 2,2774,45.57047,90345748325,0.34759,2.24890,45.25848,0.31198,109,1,0.24619,2.31509,1,0.36875,0.08796,0,,0.43813,0.52001,16.69465,1.15004,1,0.73424,0.52305,18.25985,1.15004,1,0,0.00000,15,,
6,White Screen 2,2787,45.78444,90346498846,0.27938,2.22536,45.68588,0.09856,110,1,0.27089,2.19440,0,0.36875,0.08796,0,,0.43690,0.52637,13.87370,1.15004,0,0.73415,0.52719,17.23109,1.15004,0,0,0.00000,15,,
6,White Screen 2,2826,46.42485,90348745075,0.54100,0.01170,46.14558,0.27927,111,1,0.41568,0.09338,1,0.36875,0.08796,0,,0.42633,0.47613,19.18089,1.01425,1,0.72556,0.47503,17.79509,1.00289,1,0,0.00000,16,,
2,Vertical,21,0.34496,90350128194,0.39830,0.11258,0.01784,0.32712,2,1,0.34693,0.07736,1,0.36875,0.08796,0,,0.41866,0.47657,17.09343,1.07164,1,0.71766,0.47233,15.70528,1.05800,1,0,0.00000,15,,
2,Vertical,42,0.69000,90351338474,0.30599,0.05290,0.36139,0.32861,3,1,0.29885,0.03846,1,0.36875,0.08796,0,,0.40869,0.47637,17.62647,1.04550,1,0.70796,0.46859,16.08043,1.04550,1,0,0.00000,15,,
2,Vertical,73,1.19926,90353124749,0.32325,0.01660,0.70625,0.49301,4,1,0.35291,0.07391,1,0.36875,0.08796,0,,0.41921,0.47074,18.81468,0.97921,1,0.71871,0.46375,16.28672,0.97921,1,0,0.00000,15,,
2,Vertical,92,1.51132,90354219260,0.39604,0.05614,1.21558,0.29575,5,1,0.43146,0.04391,1,0.36875,0.08796,0,,0.41755,0.47000,19.25200,0.96879,1,0.71767,0.46239,17.01215,0.96879,1,0,0.00000,15,,
2,Vertical,107,1.75787,90355084065,0.45993,0.05535,1.52773,0.23015,6,1,0.42346,0.10343,1,0.36875,0.08796,0,,0.41534,0.46860,18.85414,0.95838,1,0.71566,0.46026,15.61648,0.95838,1,0,0.00000,15,,
2,Vertical,125,2.05350,90356120947,0.44775,0.04180,1.82347,0.23003,7,1,0.45052,0.09262,1,0.36875,0.08796,0,,0.41566,0.47036,18.60175,0.95838,1,0.71570,0.46216,15.70630,0.95838,1,0,0.00000,15,,
2,Vertical,149,2.44783,90357504079,0.44005,0.03861,2.06984,0.37799,8,1,0.50463,-0.03080,1,0.36875,0.08796,0,,0.42049,0.47245,18.96504,1.11027,1,0.72036,0.46442,16.07681,1.12391,1,0,0.00000,15,,
2,Vertical,178,2.92427,90359175224,0.53517,0.06279,2.56279,0.36148,9,1,0.58654,0.08375,1,0.36875,0.08796,0,,0.42266,0.47087,18.42465,0.95838,1,0.72263,0.46329,15.99337,0.95838,1,0,0.00000,15,,
2,Vertical,191,3.13792,90359924635,0.40083,0.11337,2.94064,0.19728,10,1,0.31924,0.17617,1,0.36875,0.08796,0,,0.41113,0.47544,17.19358,1.08130,1,0.71111,0.46695,16.91504,1.08130,1,0,0.00000,15,,
2,Vertical,220,3.61411,90361594855,0.32673,0.15055,3.15433,0.45978,11,1,0.36129,0.10468,1,0.36875,0.08796,0,,0.41173,0.47415,17.45988,1.03338,1,0.71211,0.46363,15.45522,1.00838,1,0,0.00000,15,AOI 0,
2,Vertical,239,3.92638,90362690110,0.40045,0.15855,3.63074,0.29564,12,1,0.40353,0.16644,1,0.36875,0.08796,0,,0.41048,0.47510,17.35063,0.95838,1,0.71089,0.46317,15.88496,0.95838,1,0,0.00000,15,AOI 0,
2,Vertical,285,4.68208,90365340765,0.34726,0.15921,3.94273,0.73935,13,1,0.29658,0.14294,1,0.36875,0.08796,0,,0.40768,0.47689,17.52003,1.06766,1,0.70773,0.46540,16.40235,1.08130,1,0,0.00000,15,AOI 0,
2,Vertical,300,4.92848,90366205043,0.34551,0.16882,4.69856,0.22992,14,1,0.35733,0.24176,1,0.36875,0.08796,0,,0.40838,0.47907,17.89534,0.95838,1,0.70858,0.46748,16.38277,0.95838,1,0,0.00000,15,AOI 0,
2,Vertical,316,5.19124,90367126649,0.30877,0.17753,4.94498,0.24626,15,1,0.31075,0.14345,1,0.36875,0.08796,0,,0.40882,0.47912,17.77533,1.13641,1,0.70893,0.46763,16.59832,1.12277,1,0,0.00000,15,AOI 0,
2,Vertical,352,5.78276,90369201424,0.35853,0.22155,5.20775,0.57501,16,1,0.32512,0.31298,1,0.36875,0.08796,0,,0.40816,0.47997,17.22255,0.95838,1,0.70858,0.46913,16.32446,0.95838,1,0,0.00000,15,,
2,Vertical,374,6.14429,90370469468,0.34901,0.28331,5.79926,0.34503,17,1,0.40428,0.22524,1,0.36875,0.08796,0,,0.41063,0.48019,18.59429,0.98111,1,0.71091,0.46828,16.65590,0.99247,1,0,0.00000,15,AOI 1,
2,Vertical,399,6.55486,90371909573,0.44600,0.22274,6.16049,0.39436,18,1,0.49652,0.20860,1,0.36875,0.08796,0,,0.41239,0.48066,18.69193,1.02372,1,0.71330,0.46825,15.96452,1.03508,1,0,0.00000,15,AOI 1,
2,Vertical,423,6.94937,90373293352,0.44370,0.21391,6.57379,0.37558,19,1,0.41188,0.21609,1,0.36875,0.08796,0,,0.40815,0.48174,17.40743,0.96880,1,0.70938,0.46830,15.79102,0.98016,1,0,0.00000,15,AOI 0,
2,Vertical,440,7.23094,90374280932,0.34966,0.24948,6.96591,0.26503,20,1,0.33429,0.25504,1,0.36875,0.08796,0,,0.40307,0.48345,17.64819,0.99152,1,0.70440,0.46970,16.49492,0.98016,1,0,0.00000,15,AOI 1,
2,Vertical,466,7.65549,90375770050,0.34061,0.23489,7.24490,0.41058,21,1,0.28962,0.19121,1,0.36875,0.08796,0,,0.40061,0.48516,17.32292,1.02467,1,0.70176,0.46997,16.55417,1.02467,1,0,0.00000,15,AOI 1,
2,Vertical,483,7.93488,90376750010,0.39332,0.28876,7.67206,0.26282,22,1,0.43120,0.32006,1,0.36875,0.08796,0,,0.40478,0.48448,18.32423,0.95838,1,0.70631,0.46928,15.77304,0.95838,1,0,0.00000,15,AOI 1,
2,Vertical,502,8.24707,90377845065,0.44514,0.24614,7.95122,0.29585,23,1,0.46062,0.19995,1,0.36875,0.08796,0,,0.40588,0.48319,17.88065,0.97921,1,0.70795,0.46777,15.67404,0.97921,1,0,0.00000,15,AOI 1,
2,Vertical,513,8.42773,90378478741,0.46937,0.17676,8.26349,0.16425,24,1,0.48007,0.22310,0,0.36875,0.08796,0,,0.40639,0.48264,17.40540,1.03414,0,0.70829,0.46666,15.62558,1.04550,0,36,0.00000,15,AOI 0,
2,Vertical,546,8.96988,90380380288,0.43281,0.24821,8.64139,0.32849,25,1,0.43379,0.34871,1,0.36875,0.08796,0,,0.40439,0.48572,17.68670,0.95838,1,0.70623,0.46944,15.38199,0.95838,1,0,0.00000,16,AOI 1,
2,Vertical,579,9.51186,90382281290,0.42411,0.35300,8.98630,0.52556,26,1,0.38943,0.36896,1,0.36875,0.08796,0,,0.40154,0.48676,17.26131,0.96880,1,0.70369,0.47035,15.08364,0.96880,1,0,0.00000,16,AOI 2,
2,Vertical,596,9.79124,90383261255,0.43249,0.31385,9.52905,0.26219,27,1,0.43119,0.27593,1,0.36875,0.08796,0,,0.40287,0.48774,16.84109,1.04550,1,0.70496,0.47090,15.00546,1.04550,1,0,0.00000,16,AOI 1,
2,Vertical,626,10.28395,90384989470,0.43675,0.32515,9.80769,0.47626,28,1,0.39323,0.27877,1,0.36875,0.08796,0,,0.40039,0.48663,17.22629,1.00005,1,0.70257,0.47000,16.40262,1.00005,1,0,0.00000,16,AOI 1,
2,Vertical,657,10.79329,90386775939,0.42865,0.25689,10.30042,0.49287,29,1,0.44559,0.28837,1,0.36875,0.08796,0,,0.40218,0.48545,18.26717,0.95838,1,0.70400,0.46871,16.42552,0.95838,1,0,0.00000,16,AOI 1,
2,Vertical,691,11.35182,90388735003,0.47131,0.25940,10.80969,0.54213,30,1,0.37872,0.27900,1,0.36875,0.08796,0,,0.39898,0.48370,17.02553,0.95838,1,0.70067,0.46603,15.11842,0.95838,1,0,0.00000,16,AOI 1,
2,Vertical,715,11.74617,90390118198,0.39267,0.32096,11.36833,0.37784,31,1,0.32943,0.28106,1,0.36875,0.08796,0,,0.39735,0.48675,16.45567,1.02921,1,0.69905,0.46960,16.61766,1.05421,1,0,0.00000,16,AOI 1,
2,Vertical,754,12.38676,90392365121,0.34236,0.34002,11.76245,0.62431,32,1,0.39473,0.39368,1,0.36875,0.08796,0,,0.39752,0.49053,17.22437,0.99058,1,0.69970,0.47258,14.61249,1.00194,1,0,0.00000,15,AOI 2,
2,Vertical,778,12.78105,90393748057,0.39898,0.34824,12.40334,0.37772,33,1,0.42256,0.38145,1,0.36875,0.08796,0,,0.39871,0.49056,17.62660,0.97921,1,0.70083,0.47269,14.87666,0.97921,1,0,0.00000,15,AOI 2,
2,Vertical,799,13.12602,90394958070,0.35636,0.34746,12.79758,0.32845,34,1,0.32181,0.34269,1,0.36875,0.08796,0,,0.39268,0.49128,16.23985,1.03414,1,0.69459,0.47203,15.20986,1.02278,1,0,0.00000,15,AOI 2,
2,Vertical,816,13.40529,90395937583,0.31097,0.21631,13.14265,0.26263,35,1,0.31442,0.17906,1,0.36875,0.08796,0,,0.39285,0.48671,17.07454,1.01425,1,0.69426,0.46618,14.52216,1.00289,1,0,0.00000,15,AOI 0,
2,Vertical,829,13.61928,90396688158,0.39406,0.04637,13.42200,0.19728,36,1,0.43422,0.03127,1,0.36875,0.08796,0,,0.39875,0.47801,16.99612,0.95838,1,0.70000,0.45922,15.36475,0.95838,1,0,0.00000,15,,
2,Vertical,851,13.98041,90397954859,0.45280,0.01110,13.63577,0.34464,37,1,0.53245,0.04046,1,0.36875,0.08796,0,,0.40213,0.47934,16.80251,0.99152,1,0.70343,0.46076,14.32492,0.98016,1,0,0.00000,15,,
2,Vertical,867,14.24333,90398877027,0.49213,0.09704,13.99696,0.24637,38,1,0.36870,0.35244,1,0.36875,0.08796,0,,0.39757,0.48945,15.71189,1.03755,1,0.69882,0.47085,13.12017,1.04891,1,0,0.00000,15,,
2,Vertical,889,14.60468,90400144465,0.36663,0.39091,14.30904,0.29564,39,1,0.34252,0.43565,1,0.36875,0.08796,0,,0.39572,0.49182,16.93660,0.99247,1,0.69772,0.47358,15.94768,0.98111,1,0,0.00000,14,AOI 2,
2,Vertical,917,15.06474,90401758185,0.33257,0.44508,14.62106,0.44368,40,1,0.33995,0.36648,1,0.36875,0.08796,0,,0.39385,0.49219,16.93775,1.05838,1,0.69575,0.47304,15.45880,1.05838,1,0,0.00000,14,AOI 2,
2,Vertical,954,15.67245,90403889719,0.35335,0.33978,15.08107,0.59138,41,1,0.38841,0.32335,1,0.36875,0.08796,0,,0.39710,0.49252,16.79372,1.09664,1,0.69881,0.47344,14.09974,1.08300,1,0,0.00000,14,AOI 2,
2,Vertical,977,16.05031,90405215058,0.41369,0.36450,15.68878,0.36153,42,1,0.45522,0.38332,1,0.36875,0.08796,0,,0.39970,0.49259,16.43070,1.04550,1,0.70168,0.47390,14.26442,1.04550,1,0,0.00000,14,AOI 2,
2,Vertical,1005,16.51025,90406828315,0.47871,0.36996,16.06665,0.44360,43,1,0.35022,0.40725,1,0.36875,0.08796,0,,0.39395,0.49173,15.78463,1.00384,1,0.69613,0.47255,15.75489,0.99247,1,0,0.00000,14,AOI 2,
2,Vertical,1024,16.82230,90407922808,0.34954,0.37142,16.52663,0.29567,44,1,0.33557,0.35147,1,0.36875,0.08796,0,,0.39377,0.49134,16.07848,1.03414,1,0.69614,0.47242,15.85397,1.02278,1,0,0.00000,14,AOI 2,
2,Vertical,1045,17.16742,90409133341,0.35303,0.39256,16.83876,0.32866,45,1,0.30965,0.43009,1,0.36875,0.08796,0,,0.39309,0.49320,16.91633,0.97922,1,0.69510,0.47345,15.39580,0.97922,1,0,0.00000,14,AOI 2,
2,Vertical,1091,17.92317,90411784140,0.34793,0.45059,17.18381,0.73936,46,1,0.36300,0.61247,1,0.36875,0.08796,0,,0.39347,0.49662,15.75607,0.95838,1,0.69589,0.47747,14.23776,0.95838,1,0,0.00000,14,AOI 2,
2,Vertical,1117,18.35049,90413282982,0.32469,0.54582,17.93951,0.41098,47,1,0.33565,0.64387,1,0.36875,0.08796,0,,0.39424,0.50175,17.11717,1.04475,1,0.69591,0.48306,16.05301,1.03111,1,0,0.00000,14,AOI 3,
2,Vertical,1144,18.79379,90414837886,0.36431,0.64125,18.36668,0.42711,48,1,0.43060,0.62626,1,0.36875,0.08796,0,,0.39742,0.50125,18.16534,1.03338,1,0.69937,0.48280,16.33951,1.00838,1,0,0.00000,14,AOI 4,
2,Vertical,1178,19.35228,90416796782,0.38158,0.62585,18.81030,0.54198,49,1,0.33597,0.65407,1,0.36875,0.08796,0,,0.39394,0.50145,18.65368,0.98963,1,0.69590,0.48232,17.18912,0.98963,1,0,0.00000,14,AOI 4,
2,Vertical,1195,19.63188,90417777492,0.33678,0.70265,19.36865,0.26323,50,1,0.33619,0.76136,1,0.36875,0.08796,0,,0.39599,0.50616,19.34722,1.00384,1,0.69771,0.48772,17.39372,1.00384,1,0,0.00000,14,AOI 4,
2,Vertical,1223,20.09163,90419390068,0.34205,0.72733,19.64801,0.44362,51,1,0.37086,0.76769,1,0.36875,0.08796,0,,0.39681,0.50588,19.63232,0.98111,1,0.69889,0.48848,17.21570,0.96975,1,0,0.00000,13,AOI 4,
2,Vertical,1247,20.48590,90420772989,0.40465,0.71484,20.10805,0.37785,52,1,0.44641,0.73338,1,0.36875,0.08796,0,,0.40188,0.50441,19.19036,1.00005,1,0.70414,0.48790,17.52861,1.00005,1,0,0.00000,13,AOI 4,
2,Vertical,1265,20.78166,90421810352,0.41077,0.69739,20.50229,0.27937,53,1,0.30707,0.71551,1,0.36875,0.08796,0,,0.39556,0.50401,20.05077,1.07714,1,0.69737,0.48633,18.28365,1.05214,1,0,0.00000,13,AOI 4,
2,Vertical,1281,21.04448,90422732232,0.33135,0.66118,20.79961,0.24487,54,1,0.36006,0.33188,1,0.36875,0.08796,0,,0.39807,0.48173,19.52125,0.96880,1,0.70008,0.46496,18.50237,0.96880,1,0,0.00000,13,AOI 4,
2,Vertical,1299,21.34026,90423769665,0.35060,0.26104,21.11014,0.23012,55,1,0.35169,0.14570,1,0.36875,0.08796,0,,0.39698,0.47723,19.89672,0.99248,1,0.69808,0.46111,18.69073,0.99248,1,0,0.00000,13,AOI 1,
2,Vertical,1312,21.55379,90424518614,0.41078,0.06615,21.35675,0.19704,56,1,0.45168,-0.05521,1,0.36875,0.08796,0,,0.40467,0.47252,19.00707,1.00384,1,0.70609,0.45766,17.14715,1.00384,1,0,0.00000,13,,
2,Vertical,1347,22.12878,90426535443,0.43840,0.00531,21.57013,0.55865,57,1,0.42663,0.10685,1,0.36875,0.08796,0,,0.40250,0.48040,19.27885,1.03414,1,0.70518,0.46436,16.49307,1.04551,1,0,0.00000,13,,
2,Vertical,1375,22.58875,90428148775,0.25207,1.68813,22.34245,0.24629,58,1,0.33287,0.90329,1,0.36875,0.08796,0,,0.39166,0.49908,19.56432,0.95839,1,0.69198,0.47878,16.98312,0.95839,1,0,0.00000,13,,
2,Vertical,1394,22.90089,90429243614,0.35499,0.48037,22.65439,0.24651,59,1,0.35970,0.38908,1,0.36875,0.08796,0,,0.39483,0.49292,21.38655,1.03755,1,0.69678,0.47507,19.53207,1.03755,1,0,0.00000,13,AOI 2,
2,Vertical,1413,23.21298,90430338272,0.33732,0.41933,22.91714,0.29584,60,1,0.33004,0.42148,0,0.36875,0.08796,0,,0.39132,0.49178,17.38059,0.96975,0,0.69282,0.47228,16.87469,0.95839,0,37,0.00000,13,AOI 2,
2,Vertical,1454,23.88670,90432701395,0.33102,0.29518,23.37729,0.50941,61,1,0.31606,0.18043,1,0.36875,0.08796,0,,0.38894,0.48675,17.98342,1.03082,1,0.69059,0.46655,16.06777,1.00582,1,0,0.00000,14,AOI 1,
2,Vertical,1481,24.33003,90434256372,0.33911,0.22172,23.90302,0.42702,62,1,0.37168,0.25287,1,0.36875,0.08796,0,,0.38891,0.48541,17.22474,0.95839,1,0.69136,0.46505,16.34783,0.95839,1,0,0.00000,14,,
2,Vertical,1501,24.65863,90435408941,0.35362,0.16306,24.34663,0.31200,63,1,0.31228,0.11182,1,0.36875,0.08796,0,,0.38795,0.48699,17.74328,1.07051,1,0.69019,0.46671,16.64245,1.07051,1,0,0.00000,14,AOI 0,
2,Vertical,1516,24.90511,90436273450,0.33422,0.13876,24.67514,0.22997,64,1,0.34592,0.16618,1,0.36875,0.08796,0,,0.38714,0.48539,17.18168,0.95839,1,0.68922,0.46412,15.52508,0.95839,1,0,0.00000,14,AOI 0,
2,Vertical,1542,25.33240,90437772186,0.40530,0.18824,24.92152,0.41087,65,1,0.44010,0.16359,1,0.36875,0.08796,0,,0.39270,0.48428,17.14953,0.96975,1,0.69530,0.46403,15.38020,0.95839,1,0,0.00000,13,AOI 0,
2,Vertical,1559,25.61147,90438751001,0.38701,0.11685,25.34863,0.26283,66,1,0.36410,0.07362,1,0.36875,0.08796,0,,0.39016,0.48300,17.19191,0.95839,1,0.69215,0.46164,15.38229,0.95839,1,0,0.00000,13,,
2,Vertical,1575,25.87451,90439673624,0.35182,0.14252,25.62788,0.24663,67,1,0.35307,0.17624,1,0.36875,0.08796,0,,0.39148,0.48475,17.41674,0.95839,1,0.69402,0.46397,15.93433,0.96975,1,0,0.00000,13,AOI 0,
2,Vertical,1597,26.23590,90440941220,0.38007,0.16720,25.89078,0.34512,68,1,0.42920,0.30923,1,0.36875,0.08796,0,,0.39759,0.48950,18.02038,0.99058,1,0.69998,0.46996,15.70341,1.00195,1,0,0.00000,13,AOI 0,
2,Vertical,1638,26.90939,90443303509,0.45405,0.57537,26.30153,0.60786,69,1,0.50807,0.56845,1,0.36875,0.08796,0,,0.40300,0.49788,17.68876,0.96975,1,0.70547,0.48071,15.26074,0.96975,1,0,0.00000,12,AOI 3,
2,Vertical,1654,27.17227,90444225551,0.43443,0.55798,26.92575,0.24652,70,1,0.39460,0.50819,1,0.36875,0.08796,0,,0.39732,0.49808,17.05132,1.02505,1,0.69932,0.47988,14.77373,1.05005,1,0,0.00000,12,AOI 3,
2,Vertical,1675,27.51726,90445435632,0.35474,0.53926,27.18877,0.32849,71,1,0.34858,0.55758,1,0.36875,0.08796,0,,0.39396,0.49878,17.16301,0.99058,1,0.69568,0.47938,15.52217,1.00195,1,0,0.00000,12,AOI 3,
2,Vertical,1693,27.81305,90446473097,0.32769,0.54774,27.53368,0.27937,72,1,0.33403,0.65096,1,0.36875,0.08796,0,,0.39564,0.50164,17.31414,1.00384,1,0.69737,0.48243,16.43428,1.00384,1,0,0.00000,12,AOI 3,
2,Vertical,1709,28.07578,90447394613,0.32885,0.55055,27.82927,0.24651,73,1,0.35354,0.22236,1,0.36875,0.08796,0,,0.39672,0.48724,17.08519,0.95839,1,0.69758,0.46805,16.61028,0.95839,1,0,0.00000,12,AOI 3,
2,Vertical,1741,28.60167,90449239187,0.34859,0.20619,28.14166,0.46001,74,1,0.41981,0.38332,1,0.36875,0.08796,0,,0.40423,0.49222,17.38606,0.97922,1,0.70516,0.47497,15.93223,0.97922,1,0,0.00000,11,AOI 0,
2,Vertical,1760,28.91365,90450333482,0.40938,0.33914,28.61806,0.29559,75,1,0.41027,0.38691,1,0.36875,0.08796,0,,0.40475,0.49331,18.58564,0.98964,1,0.70598,0.47660,16.31866,0.98964,1,0,0.00000,10,AOI 2,
2,Vertical,1788,29.37376,90451947373,0.40511,0.36246,28.93007,0.44370,76,1,0.39483,0.34242,1,0.36875,0.08796,0,,0.40152,0.49270,18.25193,0.99248,1,0.70307,0.47535,16.25456,1.00384,1,0,0.00000,10,AOI 2,