MEDIA_ID,MEDIA_NAME,CNT,TIME(2017/11/14 11:54:05.493),TIMETICK(f=3507505),FPOGX,FPOGY,FPOGS,FPOGD,FPOGID,FPOGV,BPOGX,BPOGY,BPOGV,CX,CY,CS,USER,LPCX,LPCY,LPD,LPS,LPV,RPCX,RPCY,RPD,RPS,RPV,BKID,BKDUR,BKPMIN,AOI,
8,White Screen 1,27,0.44371,99368362099,0.37112,0.11324,0.00000,0.44371,1,1,0.40863,0.22073,1,0.38854,0.10926,0,,0.30430,0.40553,22.09883,1.03977,1,0.60611,0.43665,22.54636,1.05114,1,0,0.00000,12,,
8,White Screen 1,54,0.88721,99369917671,0.39997,0.22005,0.46184,0.42537,2,1,0.39269,0.16104,1,0.38854,0.10926,0,,0.29119,0.39887,21.94384,1.02778,1,0.59431,0.42901,23.03164,1.02778,1,0,0.00000,12,,
8,White Screen 1,113,1.85632,99373316822,0.37911,0.14087,0.90363,0.95269,3,1,0.37064,0.07497,1,0.87448,0.00000,0,,0.27977,0.33961,23.39094,1.02778,1,0.58814,0.36485,24.03111,1.02778,1,0,0.00000,12,,
8,White Screen 1,200,3.28592,99378331133,0.38635,0.14909,1.87407,1.41185,4,1,0.34849,0.17003,1,0.87448,0.00000,0,,0.25292,0.34735,22.48799,1.02778,1,0.55941,0.36677,23.32676,1.02778,1,0,0.00000,11,,
8,White Screen 1,232,3.81181,99380175702,0.42020,0.19570,3.30234,0.50946,5,1,0.37164,0.18823,1,0.87448,0.00000,0,,0.26456,0.36354,21.49599,1.02778,1,0.57031,0.38690,22.41566,1.02778,1,0,0.00000,11,,
8,White Screen 1,256,4.20591,99381558012,0.37799,0.19025,3.82801,0.37789,6,1,0.38093,0.19160,1,0.87448,0.00000,0,,0.26417,0.36266,21.04590,1.02778,1,0.57027,0.38574,21.29813,1.02778,1,0,0.00000,11,,
2,Vertical,20,0.32848,99382767565,0.37328,0.18375,0.00000,0.32848,1,1,0.33890,0.11014,1,0.87448,0.00000,0,,0.26251,0.35766,20.85519,1.02778,1,0.56881,0.38079,21.31105,1.02778,1,0,0.00000,11,AOI 0,
2,Vertical,37,0.60784,99383747396,0.36103,0.07361,0.34499,0.26285,2,1,0.40837,0.02900,1,0.87448,0.00000,0,,0.26760,0.35837,21.72055,1.02778,1,0.57378,0.38232,21.63301,1.02778,1,0,0.00000,11,,
2,Vertical,64,1.05580,99385318637,0.41968,0.04098,0.62423,0.43157,3,1,0.41970,0.04839,1,0.87448,0.00000,0,,0.26071,0.35233,22.26165,1.02778,1,0.56765,0.37514,22.44638,1.02778,1,0,0.00000,11,,
2,Vertical,95,1.56105,99387090800,0.34723,0.05959,1.31438,0.24667,4,1,0.33080,0.10649,1,0.87448,0.00000,0,,0.26230,0.35193,22.58634,1.02778,1,0.56887,0.37551,23.30648,1.02778,1,0,0.00000,12,,
2,Vertical,117,1.92433,99388364988,0.38199,0.09144,1.57724,0.34709,5,1,0.39658,0.07507,1,0.87448,0.00000,0,,0.26153,0.35396,23.11422,1.02778,1,0.56817,0.37701,23.48706,1.02778,1,0,0.00000,12,,
2,Vertical,139,2.28351,99389624812,0.41951,0.09397,1.93863,0.34488,6,1,0.27232,0.15021,1,0.87448,0.00000,0,,0.26093,0.35896,22.90032,1.02778,1,0.56715,0.38288,23.97650,1.02778,1,0,0.00000,12,,
2,Vertical,165,2.71062,99391122935,0.30524,0.11250,2.34927,0.36135,7,1,0.33474,0.10898,1,0.87448,0.00000,0,,0.25673,0.36164,22.26277,1.02778,1,0.56409,0.38365,22.97275,1.02778,1,0,0.00000,12,,
2,Vertical,199,3.26912,99393081870,0.31547,0.13722,2.72699,0.54213,8,1,0.35631,0.13898,1,0.87448,0.00000,0,,0.25238,0.36742,23.01910,1.02778,1,0.56008,0.38800,23.42022,1.02778,1,0,0.00000,12,AOI 0,
2,Vertical,221,3.63059,99394349710,0.33155,0.16296,3.28589,0.34470,9,1,0.30017,0.22621,1,0.87448,0.00000,0,,0.25161,0.37073,22.92335,1.02778,1,0.55937,0.39103,23.23282,1.02778,1,0,0.00000,12,AOI 0,
2,Vertical,258,4.23862,99396482397,0.29525,0.23435,3.64709,0.59153,10,1,0.31743,0.20828,1,0.87448,0.00000,0,,0.24606,0.37886,23.53712,1.02778,1,0.55494,0.39783,23.80064,1.02778,1,0,0.00000,12,AOI 1,
2,Vertical,283,4.64927,99397922757,0.37585,0.19851,4.25502,0.39425,11,1,0.40418,0.18692,1,0.87448,0.00000,0,,0.25003,0.38208,23.14590,1.02778,1,0.55927,0.40144,23.36515,1.02778,1,0,0.00000,12,AOI 0,
2,Vertical,329,5.40491,99400573151,0.31478,0.23375,4.66571,0.73920,12,1,0.28835,0.32775,1,0.87448,0.00000,0,,0.24552,0.38708,22.50947,0.99786,1,0.55504,0.40622,23.01595,0.98825,1,0,0.00000,12,AOI 1,
2,Vertical,349,5.73350,99401725693,0.31082,0.26899,5.42165,0.31185,13,1,0.29298,0.24650,1,0.87448,0.00000,0,,0.24631,0.38901,22.52557,1.02778,1,0.55625,0.40857,22.88496,1.02778,1,0,0.00000,12,AOI 1,
2,Vertical,372,6.11126,99403050699,0.33399,0.26962,5.74999,0.36127,14,1,0.37030,0.21794,1,0.87448,0.00000,0,,0.25062,0.39012,22.52619,1.02778,1,0.56063,0.40965,22.67916,1.02778,1,0,0.00000,12,AOI 1,
2,Vertical,389,6.39075,99404031003,0.33465,0.29291,6.12788,0.26287,15,1,0.29988,0.31770,1,0.87448,0.00000,0,,0.24487,0.39320,21.69855,1.02778,1,0.55539,0.41190,22.45451,1.02778,1,0,0.00000,12,AOI 1,
2,Vertical,431,7.08061,99406450686,0.31678,0.30557,6.40712,0.67349,16,1,0.36618,0.28588,1,0.87448,0.00000,0,,0.26742,0.39185,21.60424,1.02778,1,0.57675,0.41504,21.61222,1.02778,1,0,0.00000,12,AOI 1,
2,Vertical,461,7.57335,99408178979,0.39839,0.31083,7.09729,0.47607,17,1,0.41385,0.33302,1,0.87448,0.00000,0,,0.26369,0.39410,21.46374,1.02778,1,0.57314,0.41667,21.44298,1.02778,1,0,0.00000,11,AOI 1,
2,Vertical,478,7.85320,99409160541,0.35659,0.32810,7.58989,0.26331,18,1,0.33707,0.33217,1,0.87448,0.00000,0,,0.26120,0.39574,21.32610,1.02778,1,0.57051,0.41843,22.04171,1.02778,1,0,0.00000,11,AOI 1,
2,Vertical,493,8.09910,99410023049,0.38260,0.31878,7.86953,0.22957,19,1,0.44251,0.28989,1,0.87448,0.00000,0,,0.26837,0.39652,21.46437,1.02778,1,0.57782,0.41991,21.30403,1.02778,1,0,0.00000,11,AOI 1,
2,Vertical,514,8.44408,99411233056,0.44426,0.32203,8.11569,0.32839,20,1,0.44437,0.41676,1,0.87448,0.00000,0,,0.26800,0.40102,21.55081,1.02778,1,0.57794,0.42439,22.02438,1.02778,1,0,0.00000,11,AOI 1,
2,Vertical,546,8.96994,99413077533,0.41620,0.39578,8.46058,0.50937,21,1,0.37141,0.44866,1,0.87448,0.00000,0,,0.26404,0.40422,22.31973,0.95238,1,0.57467,0.42750,22.57577,0.95238,1,0,0.00000,11,AOI 2,
2,Vertical,570,9.36407,99414459931,0.38963,0.40588,8.98669,0.37738,22,1,0.41192,0.29129,1,0.87448,0.00000,0,,0.26597,0.40357,22.09768,1.02778,1,0.57684,0.42836,21.94903,1.02778,1,0,0.00000,11,AOI 2,
2,Vertical,585,9.61079,99415325295,0.36801,0.39550,9.38058,0.23021,23,1,0.32814,0.41663,1,0.87448,0.00000,0,,0.26243,0.40777,21.74005,1.02778,1,0.57329,0.43204,22.28368,1.02778,1,0,0.00000,11,AOI 2,
2,Vertical,621,10.20215,99417399520,0.33400,0.38009,9.62716,0.57499,24,1,0.37053,0.38266,1,0.87448,0.00000,0,,0.26478,0.40799,22.08203,1.02778,1,0.57612,0.43212,21.80950,1.02778,1,0,0.00000,11,AOI 2,
2,Vertical,656,10.77710,99419416159,0.37819,0.38825,10.21852,0.55859,25,1,0.32575,0.43922,1,0.87448,0.00000,0,,0.26186,0.40867,21.69438,1.01816,1,0.57318,0.43232,22.08394,1.00855,1,0,0.00000,11,AOI 2,
2,Vertical,685,11.25342,99421086855,0.35194,0.41598,10.79376,0.45966,26,1,0.38499,0.41828,1,0.87448,0.00000,0,,0.26513,0.40994,21.75199,1.02778,1,0.57676,0.43438,21.70343,1.02778,1,0,0.00000,11,AOI 2,
2,Vertical,712,11.69697,99422642599,0.39159,0.41907,11.26989,0.42708,27,1,0.39795,0.45353,1,0.87448,0.00000,0,,0.26989,0.41104,22.26531,1.00992,1,0.58158,0.43687,22.03799,1.02778,1,0,0.00000,10,AOI 2,
2,Vertical,733,12.04213,99423853252,0.44302,0.44870,11.71348,0.32865,28,1,0.47129,0.42769,1,0.87448,0.00000,0,,0.27453,0.41105,21.95162,1.02778,1,0.58614,0.43766,21.17934,1.02778,1,0,0.00000,10,AOI 2,
2,Vertical,762,12.51864,99425524587,0.51000,0.41760,12.05825,0.46038,29,1,0.54337,0.41873,1,0.87448,0.00000,0,,0.28093,0.40955,21.33197,1.02778,1,0.59242,0.43780,21.09108,1.02778,1,0,0.00000,10,AOI 2,
2,Vertical,776,12.74846,99426330685,0.42442,0.41036,12.53495,0.21350,30,1,0.30792,0.40422,1,0.87448,0.00000,0,,0.27463,0.41037,20.53455,1.02778,1,0.58579,0.43817,21.28554,1.02778,1,0,0.00000,10,AOI 2,
2,Vertical,806,13.24141,99428059698,0.35665,0.45723,12.76484,0.47656,31,1,0.47132,0.42931,1,0.87448,0.00000,0,,0.27797,0.41173,20.91648,1.02778,1,0.58937,0.43918,20.54782,1.02778,1,0,0.00000,10,AOI 2,
2,Vertical,830,13.63560,99429442351,0.44746,0.44177,13.25776,0.37785,32,1,0.32309,0.32563,1,0.87448,0.00000,0,,0.27308,0.40740,20.13799,0.99008,1,0.58457,0.43459,20.59371,0.99008,1,0,0.00000,10,AOI 2,
2,Vertical,864,14.19429,99431401955,0.31421,0.31307,13.70135,0.49294,33,1,0.37625,0.28666,1,0.87448,0.00000,0,,0.27189,0.39479,21.16249,1.02778,1,0.58290,0.42221,21.24983,1.02778,1,0,0.00000,10,AOI 1,
2,Vertical,898,14.75272,99433360645,0.35133,0.28815,14.21061,0.54211,34,1,0.36109,0.28973,1,0.87448,0.00000,0,,0.27983,0.38970,21.67359,1.02778,1,0.59064,0.42043,21.69762,1.02778,1,0,0.00000,10,AOI 1,
2,Vertical,922,15.14703,99434743706,0.39793,0.30109,14.76914,0.37789,35,1,0.44719,0.31720,1,0.87448,0.00000,0,,0.28621,0.39296,21.29619,1.01816,1,0.59733,0.42499,21.12501,1.02778,1,0,0.00000,9,AOI 1,
2,Vertical,937,15.39366,99435608739,0.35566,0.32407,15.16347,0.23019,36,1,0.31735,0.45318,1,0.87448,0.00000,0,,0.28282,0.39524,20.36146,0.91766,1,0.59395,0.42718,20.95216,0.91766,1,0,0.00000,9,AOI 1,
2,Vertical,967,15.88625,99437336521,0.34200,0.34559,15.40991,0.47634,37,1,0.39351,0.33185,1,0.87448,0.00000,0,,0.28753,0.39530,20.75045,1.02778,1,0.59868,0.42803,21.01375,1.02778,1,0,0.00000,8,AOI 2,
2,Vertical,988,16.23126,99438546644,0.38753,0.30818,15.90261,0.32865,38,1,0.40772,0.46342,1,0.87448,0.00000,0,,0.28680,0.39708,21.24011,0.89881,1,0.59808,0.42940,21.30867,0.88095,1,0,0.00000,8,AOI 1,
2,Vertical,1007,16.54336,99439641334,0.37742,0.37818,16.29702,0.24635,39,1,0.30696,0.35565,1,0.87448,0.00000,0,,0.28240,0.39804,20.79010,1.02778,1,0.59378,0.42974,21.38192,1.02778,1,0,0.00000,8,AOI 2,
2,Vertical,1045,17.16772,99441831288,0.34940,0.36456,16.55987,0.60785,40,1,0.40280,0.33792,1,0.87448,0.00000,0,,0.27240,0.39953,20.88775,1.02778,1,0.58463,0.42823,20.95717,1.02778,1,0,0.00000,8,AOI 2,
2,Vertical,1064,17.47986,99442926128,0.37572,0.35495,17.18409,0.29578,41,1,0.38359,0.41995,1,0.87448,0.00000,0,,0.27547,0.40066,21.05321,0.95238,1,0.58743,0.43021,21.31974,0.95238,1,0,0.00000,8,AOI 2,
2,Vertical,1088,17.87396,99444308411,0.41998,0.34033,17.49624,0.37772,42,1,0.44342,0.29473,1,0.87448,0.00000,0,,0.27954,0.40052,20.61097,1.02778,1,0.59149,0.43069,21.01284,1.02778,1,0,0.00000,8,AOI 2,
2,Vertical,1111,18.25180,99445633685,0.43697,0.35305,17.89080,0.36100,43,1,0.32119,0.47290,1,0.87448,0.00000,0,,0.27557,0.40380,20.95276,1.02778,1,0.58646,0.43352,21.93338,1.02778,1,0,0.00000,8,AOI 2,
2,Vertical,1128,18.53125,99446613867,0.28304,0.54908,18.31762,0.21364,44,1,0.27577,0.59861,1,0.87448,0.00000,0,,0.27814,0.40694,21.23530,0.99840,1,0.58961,0.43765,21.48883,1.00801,1,0,0.00000,8,AOI 3,
2,Vertical,1149,18.87623,99447823870,0.30212,0.58424,18.54772,0.32851,45,1,0.34317,0.61419,1,0.87448,0.00000,0,,0.27982,0.40818,21.86765,0.99840,1,0.59129,0.43898,21.27446,1.00801,1,0,0.00000,7,AOI 3,
2,Vertical,1171,19.23774,99449091870,0.32007,0.60149,18.89293,0.34480,46,1,0.32808,0.61639,0,0.87448,0.00000,0,,0.27887,0.41257,21.21019,1.02778,0,0.59029,0.44252,20.49816,1.02778,0,14,0.00000,7,AOI 3,
2,Vertical,1199,19.69749,99450704468,0.32456,0.65234,19.45111,0.24638,47,1,0.28626,0.70015,1,0.87448,0.00000,0,,0.27983,0.41419,21.59122,1.02778,1,0.59129,0.44443,21.19660,1.02778,1,0,0.00000,8,AOI 4,
2,Vertical,1224,20.10836,99452145582,0.33395,0.69378,19.71392,0.39444,48,1,0.35320,0.66762,1,0.87448,0.00000,0,,0.27865,0.41333,21.58246,1.00855,1,0.59006,0.44357,20.80943,0.99893,1,0,0.00000,8,AOI 4,
2,Vertical,1262,20.73246,99454334605,0.38207,0.66656,20.12475,0.60770,49,1,0.34804,0.72514,1,0.87448,0.00000,0,,0.27801,0.41192,21.75892,0.97863,1,0.58904,0.44273,21.32266,0.98825,1,0,0.00000,8,AOI 4,
2,Vertical,1302,21.38956,99456639395,0.34478,0.70635,20.74900,0.64056,50,1,0.40394,0.75245,1,0.87448,0.00000,0,,0.27932,0.41104,21.66853,0.95635,1,0.59101,0.44284,20.99834,0.95635,1,0,0.00000,8,AOI 4,
2,Vertical,1326,21.78380,99458022185,0.37590,0.71571,21.40612,0.37768,51,1,0.31750,0.81707,1,0.87448,0.00000,0,,0.27623,0.41314,22.22616,0.97848,1,0.58733,0.44510,21.95543,0.97848,1,0,0.00000,8,AOI 4,
2,Vertical,1352,22.21132,99459521738,0.31613,0.80133,21.80023,0.41109,52,1,0.33682,0.81472,1,0.87448,0.00000,0,,0.28221,0.41199,22.10045,1.02778,1,0.59327,0.44494,21.36077,1.02778,1,0,0.00000,8,AOI 4,
2,Vertical,1375,22.58983,99460849369,0.36053,0.76344,22.22780,0.36203,53,1,0.33616,0.87918,1,0.87448,0.00000,0,,0.28026,0.41344,22.00186,0.96848,1,0.59040,0.44562,21.15979,0.96848,1,0,0.00000,8,AOI 4,
2,Vertical,1406,23.09856,99462633718,0.35633,0.81563,22.60562,0.49294,54,1,0.39570,0.82237,1,0.87448,0.00000,0,,0.28436,0.41574,21.20254,1.02778,1,0.59535,0.44807,20.72206,1.02778,1,0,0.00000,8,AOI 4,
2,Vertical,1438,23.62432,99464477826,0.43432,0.78134,23.11478,0.50954,55,1,0.47510,0.80205,1,0.87448,0.00000,0,,0.28903,0.41777,20.63716,1.02778,1,0.59994,0.45063,20.51103,1.02778,1,0,0.00000,7,AOI 4,
2,Vertical,1453,23.87042,99465341029,0.39682,0.82599,23.64038,0.23004,56,1,0.32240,0.87977,1,0.87448,0.00000,0,,0.28611,0.41904,20.77913,1.01816,1,0.59688,0.45204,20.31870,1.00992,1,0,0.00000,7,,
2,Vertical,1495,24.56075,99467762370,0.35942,0.82970,23.88684,0.67391,57,1,0.37878,0.83537,1,0.87448,0.00000,0,,0.28709,0.41891,21.27253,1.02778,1,0.59817,0.45197,20.42727,1.02778,1,0,0.00000,7,,
2,Vertical,1522,25.00660,99469326162,0.43240,0.80712,24.57713,0.42947,58,1,0.48626,0.77114,1,0.87448,0.00000,0,,0.28992,0.41657,21.37096,1.02778,1,0.60094,0.45009,21.05625,1.02778,1,0,0.00000,7,AOI 4,
2,Vertical,1540,25.29963,99470353997,0.40643,0.82505,25.02073,0.27891,59,1,0.35929,0.82451,1,0.87448,0.00000,0,,0.28482,0.41609,21.96546,1.01763,1,0.59588,0.44852,21.79219,1.00801,1,0,0.00000,7,,
2,Vertical,1563,25.67780,99471680419,0.35999,0.85066,25.31627,0.36153,60,1,0.37938,0.83083,1,0.87448,0.00000,0,,0.28438,0.41461,22.10370,1.02778,1,0.59566,0.44703,21.45202,1.02778,1,0,0.00000,7,,
2,Vertical,1583,26.00629,99472832595,0.39349,0.87513,25.69403,0.31226,61,1,0.42551,0.89635,1,0.87448,0.00000,0,,0.29028,0.41653,21.66873,0.94872,1,0.60147,0.45044,21.02960,0.94872,1,0,0.00000,7,,
2,Vertical,1607,26.40082,99474216420,0.46740,0.87078,26.02266,0.37816,62,1,0.48428,0.77825,1,0.87448,0.00000,0,,0.29440,0.41697,21.08376,1.02778,1,0.60501,0.45104,20.46843,1.02778,1,0,0.00000,7,,
2,Vertical,1633,26.82750,99475712995,0.53127,0.83509,26.42214,0.40536,63,1,0.55543,0.86989,1,0.87448,0.00000,0,,0.30015,0.41621,20.75878,1.01763,1,0.61044,0.45149,20.67004,1.00801,1,0,0.00000,7,,
2,Vertical,1652,27.13963,99476807797,0.55194,0.85093,26.84399,0.29564,64,1,0.38411,0.72091,1,0.87448,0.00000,0,,0.28920,0.41229,20.58994,1.01816,1,0.59906,0.44597,19.93132,1.00855,1,0,0.00000,7,,
2,Vertical,1670,27.43550,99477845562,0.35055,0.61027,27.20549,0.23000,65,1,0.31903,0.47823,1,0.87448,0.00000,0,,0.28711,0.40714,20.38578,1.02778,1,0.59765,0.44254,20.74187,1.02778,1,0,0.00000,7,AOI 4,
2,Vertical,1697,27.87899,99479401088,0.30435,0.32009,27.50098,0.37801,66,1,0.31990,0.43467,1,0.87448,0.00000,0,,0.28678,0.40121,19.50244,0.88095,1,0.59763,0.43655,20.35357,0.88095,1,0,0.00000,7,AOI 1,
2,Vertical,1709,28.07609,99480092432,0.28971,0.35404,27.89535,0.18074,67,1,0.25044,0.78194,0,0.87448,0.00000,0,,0.28682,0.39884,19.90040,1.02778,0,0.59732,0.43539,11.55403,1.02778,0,15,0.00000,7,AOI 2,
2,Vertical,1757,28.86465,99482858324,0.41202,0.03192,28.28982,0.57483,68,1,0.40477,0.04510,1,0.87448,0.00000,0,,0.28341,0.35837,21.25084,1.02778,1,0.59263,0.39068,21.46873,1.02778,1,0,0.00000,8,,
2,Vertical,1788,29.37396,99484644728,0.40880,0.05629,28.88117,0.49279,69,1,0.35789,0.09691,1,0.87448,0.00000,0,,0.27143,0.36900,21.72194,1.02778,1,0.57730,0.40069,22.52535,1.02778,1,0,0.00000,8,,
2,Vertical,1811,29.75175,99485969818,0.39931,0.07112,29.39061,0.36115,70,1,0.49397,0.03495,1,0.87448,0.00000,0,,0.26864,0.37257,22.06934,1.03914,1,0.57372,0.40207,21.93131,1.05050,1,0,0.00000,8,,
2,Vertical,1825,29.98200,99486777425,0.38402,0.13103,29.76825,0.21375,71,1,0.32257,0.16679,1,0.87448,0.00000,0,,0.27001,0.37330,21.65211,1.02778,1,0.57563,0.40369,22.03638,1.02778,1,0,0.00000,8,AOI 0,
2,Vertical,1848,30.35972,99488102276,0.30662,0.19196,29.99855,0.36118,72,1,0.28912,0.25364,1,0.87448,0.00000,0,,0.26681,0.37789,22.13050,1.02778,1,0.57256,0.40800,22.45738,1.02778,1,0,0.00000,8,AOI 0,
2,Vertical,1879,30.86884,99489888016,0.34580,0.27008,30.37613,0.49271,73,1,0.30630,0.34235,1,0.87448,0.00000,0,,0.27630,0.38328,22.11289,1.02778,1,0.58216,0.41518,22.03412,1.02778,1,0,0.00000,8,AOI 1,
2,Vertical,1917,31.49301,99492077304,0.34639,0.30686,30.88528,0.60773,74,1,0.34871,0.35749,1,0.87448,0.00000,0,,0.28787,0.38550,21.53432,1.02778,1,0.59421,0.42041,21.59482,1.02778,1,0,0.00000,8,AOI 1,
2,Vertical,1987,32.64310,99496111251,0.39496,0.49509,32.05174,0.59136,75,1,0.37320,0.32893,1,0.87448,0.00000,0,,0.28707,0.37768,22.32841,1.02778,1,0.59055,0.41115,22.54745,1.02778,1,0,0.00000,9,AOI 2,
2,Vertical,2011,33.03737,99497494161,0.36189,0.22581,32.70900,0.32838,76,1,0.34899,0.32041,1,0.87448,0.00000,0,,0.27245,0.36634,21.01244,1.03914,1,0.57723,0.39871,21.92528,1.02778,1,0,0.00000,9,AOI 1,
2,Vertical,2063,33.89174,99500490834,0.34665,0.28185,33.05388,0.83786,77,1,0.33163,0.28053,1,0.87448,0.00000,0,,0.26467,0.37087,21.98532,1.02778,1,0.56998,0.40039,22.98635,1.02778,1,0,0.00000,9,AOI 1,
6,White Screen 2,71,1.16656,99504640583,0.35070,0.28209,0.00000,1.16658,1,1,0.34830,0.21650,1,0.87448,0.00000,0,,0.26525,0.36923,18.21367,1.02778,1,0.56901,0.39819,18.00315,1.02778,1,0,0.00000,9,,
6,White Screen 2,83,1.36337,99505330874,0.33936,0.20392,1.18259,0.18078,2,1,0.19759,0.20995,0,0.87448,0.00000,0,,0.26024,0.36811,9.51989,1.02778,0,0.56037,0.38783,15.51462,1.02778,0,17,0.00000,9,,
6,White Screen 2,327,5.37170,99519390143,0.89843,0.55894,5.32254,0.04916,3,1,0.88665,0.35962,1,0.87448,0.00000,0,,0.15365,0.36040,9.19006,1.02778,0,0.41874,0.33064,22.99353,1.02778,1,0,0.00000,10,,
6,White Screen 2,337,5.53619,99519967071,0.87972,0.43200,5.43772,0.09846,4,1,0.87566,0.45147,1,0.87448,0.00000,0,,0.15365,0.36040,9.19006,1.02778,0,0.42760,0.33414,22.40772,1.02778,1,0,0.00000,10,,
6,White Screen 2,353,5.79908,99520889150,0.69542,0.30741,5.70045,0.09863,5,1,-0.00564,0.71226,1,0.87448,0.00000,0,,0.16554,0.42684,16.97003,1.02778,1,0.43503,0.33791,22.73031,1.02778,1,0,0.00000,10,,
6,White Screen 2,366,6.01268,99521638374,0.69487,0.44114,5.81567,0.19701,6,1,0.77851,0.39469,1,0.87448,0.00000,0,,0.17029,0.43091,17.59694,1.02778,1,0.44208,0.34244,22.10769,1.02778,1,0,0.00000,10,,
6,White Screen 2,387,6.35760,99522848132,0.78232,0.39653,6.02909,0.32850,7,1,0.64405,1.39358,1,0.87448,0.00000,0,,0.17897,0.43026,17.11346,1.02778,1,0.45039,0.34222,23.37463,1.02778,1,0,0.00000,10,,
6,White Screen 2,405,6.65350,99523886035,0.73134,0.38085,6.42337,0.23012,8,1,-0.00024,0.85140,1,0.87448,0.00000,0,,0.17941,0.42849,17.24740,1.02778,1,0.45324,0.34368,21.94114,1.02778,1,0,0.00000,10,,
6,White Screen 2,422,6.93259,99524864966,0.67536,0.43830,6.71910,0.21349,9,1,0.78078,0.35957,1,0.87448,0.00000,0,,0.18246,0.43882,17.14344,1.02778,1,0.45692,0.35479,22.45785,1.02778,1,0,0.00000,10,,
6,White Screen 2,439,7.21181,99525844320,0.79912,0.39621,6.99847,0.21335,10,1,0.81733,0.53752,0,0.87448,0.00000,0,,0.18704,0.43648,15.23445,1.02778,0,0.45759,0.34631,18.55116,1.02778,0,18,0.00000,10,,
6,White Screen 2,797,13.09326,99546473542,-0.10328,1.06044,12.50185,0.59142,11,1,-0.06207,0.96403,1,0.87448,0.00000,0,,0.18704,0.43648,15.23445,1.02778,0,0.37198,0.31754,15.89117,1.02778,1,0,0.00000,10,,
6,White Screen 2,806,13.24110,99546992035,-0.07350,0.95156,13.15884,0.08224,12,1,-0.08212,1.01581,0,0.87448,0.00000,0,,0.18704,0.43648,15.23445,1.02778,0,0.36960,0.31266,9.40647,1.02778,1,0,0.00000,10,,
6,White Screen 2,1534,25.20084,99588940924,0.18887,1.22363,24.93810,0.26274,13,1,0.13948,1.21893,1,0.87448,0.00000,0,,0.18704,0.43648,15.23445,1.02778,0,0.43780,0.47238,12.41995,1.02778,1,0,0.00000,7,,
6,White Screen 2,1555,25.54591,99590151263,0.19325,1.23246,25.21727,0.32863,14,1,0.19831,1.19313,0,0.87448,0.00000,0,,0.18704,0.43648,15.23445,1.02778,0,0.43815,0.47250,11.98485,1.02778,0,20,0.00000,7,,
6,White Screen 2,1792,29.43959,99603808399,0.17301,1.22267,29.20946,0.23014,15,1,0.17155,1.30251,0,0.87448,0.00000,0,,0.18704,0.43648,15.23445,1.02778,0,0.43301,0.44645,14.14583,1.02778,0,0,0.00000,7,,
6,White Screen 2,1848,30.35945,99607034780,0.18263,1.20765,30.09674,0.26270,16,1,0.23969,1.08773,1,0.87448,0.00000,0,,0.18704,0.43648,15.23445,1.02778,0,0.43817,0.44735,12.68192,1.02778,1,0,0.00000,7,,
6,White Screen 2,1866,30.65524,99608072234,0.22025,1.20981,30.37598,0.27927,17,1,0.19319,1.21584,0,0.87448,0.00000,0,,0.18704,0.43648,15.23445,1.02778,0,0.43706,0.44778,11.55866,1.02778,0,21,0.00000,7,,
6,White Screen 2,2267,37.24569,99631188291,-0.12013,1.01471,37.07873,0.16696,18,1,-0.20649,1.26827,0,0.87448,0.00000,0,,0.49619,0.49735,20.41126,1.30000,0,0.48964,0.49822,17.37092,1.30000,0,0,0.00000,8,,
6,White Screen 2,2289,37.60430,99632446138,0.17093,1.22541,37.45646,0.14784,19,1,0.14347,1.16543,0,0.87448,0.00000,0,,0.49619,0.49735,20.41126,1.23333,0,0.46416,0.47498,10.04528,1.23333,0,0,0.00000,8,,
6,White Screen 2,2675,43.94588,99654689286,0.47001,1.46861,43.68282,0.26306,20,1,0.44410,1.45768,1,0.87448,0.00000,0,,0.57881,0.48130,10.57440,1.23333,1,0.46416,0.47498,10.04528,1.23333,0,0,0.00000,8,,
6,White Screen 2,2704,44.42208,99656359509,0.42699,1.46001,43.96206,0.46002,21,1,0.43282,1.34707,1,0.87448,0.00000,0,,0.58459,0.49078,13.04783,1.23333,1,0.46416,0.47498,10.04528,1.23333,0,0,0.00000,8,,
6,White Screen 2,2714,44.58675,99656937117,0.42449,1.46203,44.43861,0.14815,22,1,0.41620,1.36643,0,0.87448,0.00000,0,,0.59340,0.48696,13.30159,1.23333,0,0.46416,0.47498,10.04528,1.23333,0,22,0.00000,8,,
6,White Screen 2,2767,45.45730,99659990533,0.43469,1.42378,44.99709,0.46021,23,1,0.44281,1.37477,1,0.87448,0.00000,0,,0.61235,0.42276,12.12890,1.23333,1,0.46416,0.47498,10.04528,1.23333,0,0,0.00000,9,,
6,White Screen 2,2809,46.14724,99662410548,0.45374,1.36720,45.47349,0.67375,24,1,0.48819,1.26754,1,0.87448,0.00000,0,,0.60679,0.42885,12.30301,1.23333,1,0.46416,0.47498,10.04528,1.23333,0,0,0.00000,8,,
6,White Screen 2,2828,46.45924,99663504846,0.47823,1.31197,46.16364,0.29559,25,1,0.48823,1.29311,1,0.87448,0.00000,0,,0.60861,0.43233,12.19982,1.23333,1,0.46416,0.47498,10.04528,1.23333,0,0,0.00000,8,,
6,White Screen 2,2847,46.77145,99664599954,0.48574,1.29384,46.47578,0.29567,26,1,0.51893,1.35764,1,0.87448,0.00000,0,,0.60913,0.43181,12.23020,1.23333,1,0.46416,0.47498,10.04528,1.23333,0,0,0.00000,8,,
6,White Screen 2,2867,47.09995,99665752172,0.47400,1.33074,46.83720,0.26276,27,1,0.48901,1.43046,0,0.87448,0.00000,0,,0.61313,0.42959,10.97241,1.23333,0,0.46416,0.47498,10.04528,1.23333,0,23,0.00000,8,,
6,White Screen 2,2881,47.32984,99666558496,0.47421,1.32614,47.26403,0.06581,28,1,0.47421,1.32614,0,0.87448,0.00000,0,,0.61428,0.42984,10.94857,1.23333,0,0.46416,0.47498,10.04528,1.23333,0,0,0.00000,9,,
6,White Screen 2,2910,47.80628,99668229645,0.44890,1.40058,47.49416,0.31212,29,1,0.43007,1.39188,1,0.87448,0.00000,0,,0.61772,0.43405,12.20269,1.23333,1,0.46416,0.47498,10.04528,1.23333,0,0,0.00000,9,,
6,White Screen 2,2928,48.10221,99669267622,0.46072,1.37184,47.82279,0.27942,30,1,0.54304,1.14289,1,0.87448,0.00000,0,,0.62079,0.44531,12.50040,1.23333,1,0.46416,0.47498,10.04528,1.23333,0,0,0.00000,9,,
6,White Screen 2,3058,50.23806,99676759084,0.66852,0.57476,50.13909,0.09897,31,1,0.66852,0.57476,0,0.87448,0.00000,0,,0.62018,0.44818,11.82108,1.23333,0,0.39083,0.41840,16.03198,1.23333,1,0,0.00000,10,,
6,White Screen 2,3309,54.36135,99691221556,0.45093,1.02934,54.09881,0.26254,32,1,0.46558,1.20150,1,0.87448,0.00000,0,,0.27772,0.43771,20.26630,1.19015,1,0.56355,0.43861,19.64499,1.19015,1,0,0.00000,10,,
6,White Screen 2,3325,54.62455,99692144730,0.50257,1.90084,54.42710,0.19745,33,1,0.52740,2.27486,1,0.87448,0.00000,0,,0.31247,0.45203,21.95053,1.23333,1,0.60040,0.47119,17.35044,1.23333,1,0,0.00000,9,,
6,White Screen 2,3342,54.90362,99693123562,0.52833,2.28351,54.69015,0.21347,34,1,0.52979,2.32228,1,0.87448,0.00000,0,,0.31898,0.43939,21.64215,1.02778,1,0.61210,0.45586,16.91015,1.02778,1,0,0.00000,9,,
6,White Screen 2,3359,55.18320,99694104220,0.51292,2.32829,54.91999,0.26321,35,1,0.51929,2.35745,0,0.87448,0.00000,0,,0.31919,0.43342,13.51480,1.02778,0,0.61252,0.44689,15.79903,1.02778,0,0,0.00000,9,,
6,White Screen 2,3382,55.56062,99695427988,0.44107,0.35357,55.49516,0.06546,36,1,0.44107,0.35357,0,0.87448,0.00000,0,,0.31919,0.43342,13.51480,1.02778,0,0.24780,0.35935,18.38553,1.02778,0,0,0.00000,10,,
6,White Screen 2,3497,57.45000,99702055044,0.38273,0.57870,57.25291,0.19710,37,1,0.37887,0.60381,1,0.87448,0.00000,0,,0.31202,0.05368,25.22219,1.02778,1,0.62977,0.08719,24.66006,1.02778,1,0,0.00000,10,,
6,White Screen 2,3513,57.71432,99702982113,0.38741,0.54541,57.46638,0.24794,38,1,0.48141,0.38146,1,0.87448,0.00000,0,,0.23613,0.19218,23.64998,1.02778,1,0.54945,0.20467,22.68192,1.02778,1,0,0.00000,10,,
6,White Screen 2,3533,58.04131,99704129059,0.51382,0.45456,57.77850,0.26282,39,1,0.50151,0.48863,1,0.87448,0.00000,0,,0.25874,0.36362,21.56475,1.10555,1,0.55809,0.37976,21.11931,1.13055,1,0,0.00000,10,,
6,White Screen 2,3548,58.28777,99704993492,0.53716,0.50484,58.05762,0.23015,40,1,0.53828,0.50788,1,0.87448,0.00000,0,,0.27790,0.33349,21.87511,1.10555,1,0.57397,0.34311,21.23196,1.13055,1,0,0.00000,9,,
6,White Screen 2,3568,58.61666,99706147090,0.53065,0.51481,58.30427,0.31239,41,1,0.50479,0.62234,1,0.87448,0.00000,0,,0.32001,0.31096,22.16025,1.02778,1,0.61272,0.32465,22.40528,1.02778,1,0,0.00000,9,,
6,White Screen 2,3619,59.45409,99709084404,0.52889,0.59324,58.63287,0.82123,42,1,0.52263,0.63417,1,0.87448,0.00000,0,,0.36585,0.33813,20.84397,1.02778,1,0.65494,0.38022,21.62262,1.02778,1,0,0.00000,9,,
6,White Screen 2,3634,59.70078,99709949668,0.52914,0.54448,59.47076,0.23003,43,1,0.54172,0.50738,0,0.87448,0.00000,0,,0.38292,0.34753,20.67294,1.23333,0,0.66955,0.40104,21.59314,1.23333,0,26,0.00000,9,,
6,White Screen 2,3670,60.29212,99712023759,-0.34544,0.94392,60.06210,0.23003,44,1,-0.29891,0.90046,1,0.87448,0.00000,0,,0.25526,0.34441,11.25658,1.23333,1,0.53097,0.32028,15.90383,1.23333,1,0,0.00000,10,,
6,White Screen 2,3688,60.58788,99713061157,-0.35321,0.93731,60.30866,0.27922,45,1,-0.34261,1.02879,1,0.87448,0.00000,0,,0.26207,0.33568,12.09274,1.23333,1,0.53996,0.31556,16.71131,1.23333,1,0,0.00000,10,,
6,White Screen 2,3704,60.85044,99713982064,-0.40525,0.96389,60.60421,0.24623,46,1,-0.49677,0.93791,1,0.87448,0.00000,0,,0.26620,0.33533,14.09784,1.23333,1,0.54626,0.31959,18.11024,1.23333,1,0,0.00000,10,,
6,White Screen 2,3724,61.17899,99715134506,-0.46309,1.04379,60.91633,0.26266,47,1,-0.44414,1.13553,1,0.87448,0.00000,0,,0.26655,0.32214,14.46473,1.23333,1,0.55159,0.31473,18.02963,1.23333,1,0,0.00000,10,,
6,White Screen 2,3752,61.63979,99716750756,0.33308,0.50173,61.58981,0.04999,48,1,0.40809,0.74728,1,0.87448,0.00000,0,,0.30381,0.32299,23.22984,1.23333,1,0.59245,0.34425,22.94253,1.23333,1,0,0.00000,10,,
6,White Screen 2,3772,61.96784,99717901370,0.49352,1.04752,61.70484,0.26300,49,1,0.41436,1.22066,1,0.87448,0.00000,0,,0.22862,0.36384,21.72598,1.23333,1,0.52903,0.37174,19.03324,1.23333,1,0,0.00000,10,,
6,White Screen 2,3796,62.36213,99719284349,0.34262,2.51090,62.08286,0.27927,50,1,0.45364,2.58502,0,0.87448,0.00000,0,,0.20480,0.40478,12.62756,1.23333,1,0.49712,0.40455,10.45455,1.23333,1,0,0.00000,10,,
6,White Screen 2,3827,62.87116,99721069793,0.41288,0.75765,62.47709,0.39407,51,1,0.44144,0.34812,1,0.87448,0.00000,0,,0.20384,0.34468,21.65079,1.02778,1,0.50056,0.35238,21.35639,1.02778,1,0,0.00000,10,,
6,White Screen 2,3848,63.21635,99722280511,0.39870,0.26292,62.93711,0.27924,52,1,0.36188,0.20351,1,0.87448,0.00000,0,,0.24289,0.32716,19.88772,1.12121,1,0.53896,0.34977,19.84629,1.12121,1,0,0.00000,10,,
6,White Screen 2,3867,63.52854,99723375537,0.35430,0.25313,63.23273,0.29581,53,1,0.37881,0.34949,1,0.87448,0.00000,0,,0.26403,0.33292,18.65896,1.02778,1,0.56125,0.35446,19.33290,1.02778,1,0,0.00000,10,,
6,White Screen 2,3879,63.72561,99724066747,0.34150,0.29226,63.54505,0.18056,54,1,0.26514,0.28878,1,0.87448,0.00000,0,,0.26683,0.32858,18.82108,1.08977,1,0.56401,0.34974,19.96895,1.06477,1,0,0.00000,10,,
5,Horizontal,4,0.06528,99724353677,0.32659,0.30085,0.00000,0.06528,1,1,0.30732,0.36261,1,0.87448,0.00000,0,,0.26521,0.32773,18.89490,1.02778,1,0.56297,0.34816,20.39613,1.02778,1,0,0.00000,10,AOI 7,
5,Horizontal,27,0.44336,99725679789,0.30038,0.22718,0.08189,0.36147,2,1,0.30741,0.21054,1,0.87448,0.00000,0,,0.26235,0.32751,21.25907,1.02778,1,0.55955,0.34633,21.51075,1.02778,1,0,0.00000,10,AOI 5,
5,Horizontal,58,0.95258,99727465899,0.29593,0.19753,0.45987,0.49271,3,1,0.43884,0.08633,1,0.87448,0.00000,0,,0.25712,0.29699,23.26577,1.02778,1,0.55543,0.31459,23.40845,1.02778,1,0,0.00000,10,AOI 5,
5,Horizontal,83,1.36349,99728907164,0.42883,0.05363,1.01846,0.34503,4,1,0.43738,-0.01853,1,0.87448,0.00000,0,,0.25817,0.28826,23.70315,1.08649,1,0.56014,0.30532,23.95651,1.09785,1,0,0.00000,10,,
5,Horizontal,101,1.65909,99729943957,0.42478,0.00842,1.42924,0.22984,5,1,0.43262,0.07240,1,0.87448,0.00000,0,,0.26699,0.29297,23.66452,1.02778,1,0.56858,0.31262,24.06547,1.02778,1,0,0.00000,10,,
5,Horizontal,119,1.95483,99730981307,0.41303,-0.02122,1.67560,0.27924,6,1,0.43096,0.06605,1,0.87448,0.00000,0,,0.26823,0.28930,23.16770,1.02778,1,0.56923,0.31049,23.34896,1.02778,1,0,0.00000,10,,
5,Horizontal,163,2.67773,99733516878,0.37916,0.09481,1.97124,0.70650,7,1,0.42823,0.13426,1,0.87448,0.00000,0,,0.27764,0.30145,22.75135,1.02778,1,0.57892,0.32664,22.90994,1.02778,1,0,0.00000,10,,
5,Horizontal,185,3.04106,99734791252,0.43582,0.10652,2.69424,0.34682,8,1,0.25823,0.18849,1,0.87448,0.00000,0,,0.26533,0.30719,22.62222,1.02778,1,0.56609,0.33152,23.48689,1.02778,1,0,0.00000,10,,
5,Horizontal,209,3.43336,99736167253,0.27896,0.12596,3.10474,0.32863,9,1,0.34042,0.07925,1,0.87448,0.00000,0,,0.27324,0.30738,22.53352,1.02778,1,0.57467,0.33318,22.39973,1.02778,1,0,0.00000,10,,
5,Horizontal,220,3.61430,99736801906,0.29109,0.21262,3.44984,0.16446,10,1,0.20123,0.78605,0,0.87448,0.00000,0,,0.27167,0.31018,22.03335,1.07323,0,0.57122,0.34293,10.33907,1.07323,0,28,0.00000,10,AOI 5,
5,Horizontal,268,4.40276,99739567396,0.28696,0.22079,3.82776,0.57500,11,1,0.32593,0.24544,1,0.87448,0.00000,0,,0.26917,0.31797,23.62708,1.02778,1,0.57135,0.34268,23.87366,1.02778,1,0,0.00000,11,AOI 5,
5,Horizontal,308,5.05988,99741872275,0.31902,0.22923,4.41910,0.64078,12,1,0.29153,0.23720,1,0.87448,0.00000,0,,0.26734,0.31863,24.00520,1.02778,1,0.57021,0.34542,23.88166,1.02778,1,0,0.00000,11,AOI 5,
5,Horizontal,331,5.43759,99743197084,0.28767,0.21259,5.07620,0.36139,13,1,0.32217,0.24963,1,0.87448,0.00000,0,,0.27547,0.32356,23.71575,1.02778,1,0.57815,0.35237,23.52389,1.02778,1,0,0.00000,11,AOI 5,
5,Horizontal,363,5.96338,99745041309,0.30364,0.20327,5.45407,0.50931,14,1,0.30707,0.20052,1,0.87448,0.00000,0,,0.27851,0.33070,22.82201,1.03914,1,0.58046,0.35986,22.97137,1.02778,1,0,0.00000,11,AOI 5,
5,Horizontal,385,6.32486,99746309166,0.29009,0.20017,5.97984,0.34502,15,1,0.31525,0.27704,1,0.87448,0.00000,0,,0.26866,0.33041,22.31685,1.02778,1,0.57193,0.36036,22.21302,1.02778,1,0,0.00000,11,AOI 5,
5,Horizontal,408,6.70265,99747634305,0.32620,0.22536,6.34126,0.36139,16,1,0.35420,0.20045,1,0.87448,0.00000,0,,0.27529,0.33320,22.13689,1.02778,1,0.57926,0.36666,22.71543,1.02778,1,0,0.00000,11,AOI 5,
5,Horizontal,439,7.21204,99749420947,0.35101,0.22241,6.71901,0.49303,17,1,0.55976,0.16306,1,0.87448,0.00000,0,,0.27570,0.33447,21.48960,1.02778,1,0.57913,0.36513,21.12598,1.02778,1,0,0.00000,10,AOI 5,
5,Horizontal,468,7.68832,99751091564,0.56903,0.21012,7.27760,0.41072,18,1,0.56826,0.22438,1,0.87448,0.00000,0,,0.28436,0.33361,20.11693,1.02778,1,0.58816,0.36666,19.93504,1.02778,1,0,0.00000,10,AOI 6,
5,Horizontal,495,8.13223,99752648581,0.58233,0.19078,7.70485,0.42738,19,1,0.54515,0.10749,1,0.87448,0.00000,0,,0.29589,0.33036,20.45317,1.09785,1,0.59904,0.36696,20.01216,1.09785,1,0,0.00000,10,AOI 6,
5,Horizontal,516,8.47716,99753858366,0.56722,0.16375,8.14867,0.32849,20,1,0.60402,0.21883,1,0.87448,0.00000,0,,0.29845,0.33016,20.71421,1.02778,1,0.60219,0.36875,20.28026,1.02778,1,0,0.00000,10,,
5,Horizontal,547,8.98625,99755644049,0.57541,0.19862,8.49350,0.49275,21,1,0.57995,0.14976,1,0.87448,0.00000,0,,0.31058,0.32968,21.66103,1.08586,1,0.61382,0.37283,21.51847,1.07449,1,0,0.00000,10,AOI 6,
5,Horizontal,595,9.77489,99758410180,0.58951,0.19674,9.00262,0.77226,22,1,0.55027,0.21783,1,0.87448,0.00000,0,,0.33965,0.31912,21.82401,1.02778,1,0.64095,0.36855,21.53874,1.02778,1,0,0.00000,10,AOI 6,
5,Horizontal,620,10.18535,99759849879,0.58668,0.20772,9.79114,0.39421,23,1,0.61246,0.12918,1,0.87448,0.00000,0,,0.35583,0.32565,22.09117,1.12121,1,0.65707,0.37699,20.71933,1.12121,1,0,0.00000,10,AOI 6,
5,Horizontal,635,10.43185,99760714495,0.54735,0.22919,10.20180,0.23006,24,1,0.26954,0.21609,1,0.87448,0.00000,0,,0.34904,0.33072,21.12388,1.15694,1,0.64961,0.38252,22.08291,1.18194,1,0,0.00000,10,AOI 5,
5,Horizontal,675,11.08897,99763019363,0.28372,0.27151,10.49760,0.59137,25,1,0.29194,0.34194,1,0.87448,0.00000,0,,0.33572,0.32464,20.49386,1.02778,1,0.63787,0.37263,20.27192,1.02778,1,0,0.00000,10,AOI 7,
5,Horizontal,704,11.56531,99764690061,0.29930,0.29056,11.10516,0.46014,26,1,0.29204,0.33869,1,0.87448,0.00000,0,,0.33963,0.32892,20.41590,1.02778,1,0.64117,0.37781,20.86080,1.02778,1,0,0.00000,10,AOI 7,
5,Horizontal,728,11.95959,99766073034,0.28212,0.29342,11.58197,0.37762,27,1,0.27612,0.30976,1,0.87448,0.00000,0,,0.34481,0.33748,21.09941,1.10417,1,0.64606,0.38704,21.67214,1.07917,1,0,0.00000,10,AOI 7,
5,Horizontal,753,12.37053,99767514389,0.29093,0.35599,11.97609,0.39444,28,1,0.31817,0.33200,1,0.87448,0.00000,0,,0.32973,0.33225,20.45766,1.02778,1,0.63183,0.37819,21.26899,1.02778,1,0,0.00000,10,AOI 7,
5,Horizontal,783,12.86337,99769243078,0.30855,0.37486,12.38698,0.47639,29,1,0.35327,0.35433,1,0.87448,0.00000,0,,0.31065,0.33499,21.64279,1.02778,1,0.61352,0.37710,21.65804,1.02778,1,0,0.00000,10,AOI 7,
5,Horizontal,787,12.92932,99769474376,0.40297,0.36775,12.87973,0.04959,30,1,0.54240,0.37281,1,0.87448,0.00000,0,,0.32039,0.33436,21.74227,1.02778,1,0.62264,0.37648,20.08246,1.02778,1,0,0.00000,10,AOI 7,
5,Horizontal,835,13.71759,99772239233,0.56120,0.34433,12.99699,0.72060,31,1,0.62034,0.30572,1,0.87448,0.00000,0,,0.34337,0.33590,22.07935,1.10555,1,0.64601,0.38467,21.76731,1.13055,1,0,0.00000,10,AOI 7,
5,Horizontal,883,14.50645,99775006166,0.58591,0.36552,13.88190,0.62456,32,1,0.63348,0.26490,1,0.87448,0.00000,0,,0.35645,0.33777,22.05944,1.12121,1,0.65797,0.38918,21.16445,1.12121,1,0,0.00000,10,AOI 7,
5,Horizontal,899,14.76904,99775927185,0.60927,0.35381,14.52507,0.24397,33,1,0.60486,0.39358,1,0.87448,0.00000,0,,0.36432,0.33647,21.95758,1.02778,1,0.66564,0.38957,20.42360,1.02778,1,0,0.00000,9,AOI 7,
5,Horizontal,915,15.03185,99776849003,0.59509,0.32623,14.78545,0.24640,34,1,0.52927,0.27256,1,0.87448,0.00000,0,,0.35623,0.33191,21.82358,1.10985,1,0.65798,0.38303,21.25884,1.12121,1,0,0.00000,9,AOI 7,
5,Horizontal,933,15.32750,99777885973,0.27597,0.36350,15.09750,0.23000,35,1,0.28959,0.46823,1,0.87448,0.00000,0,,0.32084,0.33214,21.58049,0.96848,1,0.62393,0.37352,22.23792,0.96848,1,0,0.00000,9,AOI 7,
5,Horizontal,953,15.65613,99779038633,0.29612,0.38895,15.34381,0.31232,36,1,0.34092,0.49545,1,0.87448,0.00000,0,,0.31091,0.33017,20.77243,0.99840,1,0.61485,0.37105,21.10398,1.00801,1,0,0.00000,9,AOI 7,
5,Horizontal,985,16.18187,99780882703,0.35795,0.38707,15.67245,0.50941,37,1,0.39528,0.41530,1,0.87448,0.00000,0,,0.32449,0.33199,21.15067,1.02778,1,0.62849,0.37477,21.15704,1.02778,1,0,0.00000,9,AOI 7,
5,Horizontal,1008,16.55971,99782207983,0.36264,0.37980,16.19835,0.36136,38,1,0.25498,0.42101,1,0.87448,0.00000,0,,0.32901,0.33661,20.64953,1.03914,1,0.63234,0.38046,21.24385,1.02778,1,0,0.00000,9,AOI 7,
5,Horizontal,1027,16.87216,99783303887,0.27066,0.41123,16.62553,0.24663,39,1,0.27902,0.36487,1,0.87448,0.00000,0,,0.31490,0.33838,20.19754,1.08586,1,0.61959,0.37860,20.74869,1.07449,1,0,0.00000,9,AOI 7,
5,Horizontal,1048,17.21677,99784512581,0.30461,0.40755,16.88847,0.32829,40,1,0.31612,0.37278,1,0.87448,0.00000,0,,0.31705,0.33959,19.99985,1.02778,1,0.62211,0.38049,20.92337,1.02778,1,0,0.00000,9,AOI 7,
5,Horizontal,1084,17.80807,99786586645,0.34714,0.39877,17.23340,0.57468,41,1,0.36620,0.37783,1,0.87448,0.00000,0,,0.32281,0.34013,20.63568,1.02778,1,0.62810,0.38235,20.72305,1.02778,1,0,0.00000,9,AOI 7,
5,Horizontal,1123,18.44894,99788834497,0.39610,0.38603,17.82472,0.62422,42,1,0.23705,0.42878,1,0.87448,0.00000,0,,0.32351,0.34176,19.57593,1.02778,1,0.62839,0.38648,20.07891,1.02778,1,0,0.00000,9,AOI 7,
5,Horizontal,1163,19.10599,99791139079,0.27184,0.44273,18.51460,0.59138,43,1,0.27721,0.51702,1,0.87448,0.00000,0,,0.34003,0.34096,19.14337,0.97810,1,0.64518,0.39110,19.31754,0.96848,1,0,0.00000,9,AOI 7,
5,Horizontal,1190,19.54958,99792694930,0.28207,0.40849,19.12259,0.42699,44,1,0.30287,0.41941,1,0.87448,0.00000,0,,0.33945,0.34168,19.84133,1.02778,1,0.64458,0.39188,19.66344,1.02778,1,0,0.00000,9,AOI 7,
5,Horizontal,1221,20.05885,99794481235,0.37102,0.40352,19.56598,0.49287,45,1,0.41811,0.41981,1,0.87448,0.00000,0,,0.32185,0.34621,19.87020,1.02778,1,0.62704,0.39179,19.11662,1.02778,1,0,0.00000,9,AOI 7,
5,Horizontal,1242,20.40385,99795691351,0.39791,0.41251,20.07524,0.32861,46,1,0.29513,0.46945,1,0.87448,0.00000,0,,0.32556,0.34912,19.50568,1.02778,1,0.62986,0.39601,20.03853,1.02778,1,0,0.00000,9,AOI 7,
5,Horizontal,1273,20.91310,99797477511,0.30893,0.44397,20.42024,0.49286,47,1,0.30462,0.30067,1,0.87448,0.00000,0,,0.32898,0.33857,18.46684,1.02778,1,0.63221,0.38658,19.33048,1.02778,1,0,0.00000,9,AOI 7,
5,Horizontal,1325,21.76746,99800474170,0.28458,0.26955,20.97896,0.78850,48,1,0.24256,0.28017,1,0.87448,0.00000,0,,0.34279,0.32722,19.47793,1.05050,1,0.64624,0.37700,19.88178,1.03914,1,0,0.00000,9,AOI 7,
5,Horizontal,1347,22.12886,99801741789,0.30278,0.28677,21.78391,0.34496,49,1,0.32759,0.21680,1,0.87448,0.00000,0,,0.34779,0.32943,19.89774,1.09785,1,0.65106,0.38086,20.33319,1.09785,1,0,0.00000,9,AOI 7,
5,Horizontal,1368,22.47386,99802951911,0.34772,0.28424,22.14525,0.32861,50,1,0.32778,0.37694,1,0.87448,0.00000,0,,0.34209,0.33126,19.72942,1.01816,1,0.64488,0.38147,20.11323,1.02778,1,0,0.00000,9,AOI 7,
5,Horizontal,1384,22.73688,99803874418,0.37775,0.32982,22.49023,0.24664,51,1,0.55790,0.24797,1,0.87448,0.00000,0,,0.34949,0.32791,20.39794,1.02778,1,0.65241,0.37783,18.78547,1.02778,1,0,0.00000,9,AOI 7,
5,Horizontal,1401,23.01599,99804853411,0.52533,0.32475,22.80255,0.21344,52,1,0.37920,0.54172,0,0.87448,0.00000,0,,0.34349,0.33027,19.52690,1.02778,0,0.64254,0.38176,14.79568,1.02778,0,29,0.00000,9,AOI 7,
5,Horizontal,1435,23.57445,99806812199,0.28940,0.46124,23.22948,0.34497,53,1,0.33767,0.45864,1,0.87448,0.00000,0,,0.33357,0.34188,20.64886,1.02778,1,0.63850,0.39043,20.80119,1.02778,1,0,0.00000,10,AOI 7,
5,Horizontal,1467,24.10031,99808656698,0.30189,0.47417,23.59111,0.50920,54,1,0.26304,0.50964,1,0.87448,0.00000,0,,0.33508,0.34548,21.26900,1.02778,1,0.63971,0.39426,21.69881,1.02778,1,0,0.00000,10,AOI 7,
5,Horizontal,1486,24.41234,99809751128,0.31011,0.48328,24.11662,0.29572,55,1,0.35109,0.48053,1,0.87448,0.00000,0,,0.33609,0.34452,20.75742,1.02778,1,0.64105,0.39380,21.19809,1.02778,1,0,0.00000,10,AOI 9,
5,Horizontal,1514,24.87250,99811365110,0.31985,0.47239,24.42873,0.44377,56,1,0.25746,0.44533,1,0.87448,0.00000,0,,0.32682,0.34858,20.73677,1.02778,1,0.63176,0.39535,21.38523,1.02778,1,0,0.00000,10,AOI 7,
5,Horizontal,1564,25.69385,99814245992,0.28070,0.50218,24.88881,0.80504,57,1,0.33576,0.52281,1,0.87448,0.00000,0,,0.34027,0.34845,20.86568,1.02778,1,0.64445,0.39819,20.82599,1.02778,1,0,0.00000,9,AOI 9,
5,Horizontal,1584,26.02238,99815398382,0.28889,0.49255,25.71039,0.31200,58,1,0.25529,0.56116,1,0.87448,0.00000,0,,0.33679,0.35004,20.78551,1.02778,1,0.64104,0.39959,21.12851,1.02778,1,0,0.00000,9,AOI 9,
5,Horizontal,1606,26.38374,99816665819,0.28358,0.55245,26.03886,0.34488,59,1,0.29873,0.53041,1,0.87448,0.00000,0,,0.33635,0.34922,20.23336,1.02778,1,0.64114,0.39927,20.38979,1.02778,1,0,0.00000,9,AOI 9,
5,Horizontal,1628,26.74536,99817934184,0.30003,0.56775,26.40018,0.34518,60,1,0.25699,0.62664,1,0.87448,0.00000,0,,0.33649,0.35068,19.98411,1.02778,1,0.64110,0.40119,20.45995,1.02778,1,0,0.00000,9,AOI 9,
5,Horizontal,1669,27.41873,99820296073,0.28209,0.58875,26.76160,0.65714,61,1,0.32860,0.56222,1,0.87448,0.00000,0,,0.34218,0.35407,20.66074,1.03914,1,0.64651,0.40484,19.99690,1.05050,1,0,0.00000,9,AOI 9,
5,Horizontal,1685,27.68176,99821218623,0.32259,0.62031,27.43526,0.24651,62,1,0.29901,0.75099,1,0.87448,0.00000,0,,0.34052,0.35935,20.91895,1.02778,1,0.64410,0.40982,20.34315,1.02778,1,0,0.00000,9,AOI 11,
5,Horizontal,1726,28.35522,99823580794,0.30076,0.70379,27.69812,0.65710,63,1,0.30469,0.72066,1,0.87448,0.00000,0,,0.34071,0.36058,20.66017,1.06187,1,0.64480,0.41140,19.64717,1.05050,1,0,0.00000,9,AOI 11,
5,Horizontal,1759,28.89734,99825482291,0.31101,0.71281,28.37160,0.52574,64,1,0.32551,0.67263,1,0.87448,0.00000,0,,0.34540,0.35771,20.21072,0.99786,1,0.64977,0.40937,19.07028,0.98825,1,0,0.00000,9,AOI 11,
5,Horizontal,1775,29.16019,99826404212,0.33548,0.63402,28.91373,0.24646,65,1,0.31766,0.57952,1,0.87448,0.00000,0,,0.34495,0.35846,20.13894,1.02778,1,0.64941,0.41004,19.89073,1.02778,1,0,0.00000,9,AOI 11,
5,Horizontal,1793,29.45583,99827441146,0.29291,0.64352,29.17654,0.27928,66,1,0.28800,0.74389,1,0.87448,0.00000,0,,0.34322,0.36094,20.07939,1.02778,1,0.64734,0.41228,19.62864,1.02778,1,0,0.00000,9,AOI 11,
5,Horizontal,1824,29.96544,99829228641,0.29470,0.80165,29.52159,0.44385,67,1,0.45316,0.83366,1,0.87448,0.00000,0,,0.34753,0.36391,20.31535,1.02778,1,0.65116,0.41474,19.73436,1.02778,1,0,0.00000,9,AOI 11,
5,Horizontal,1847,30.34311,99830553313,0.41564,0.83364,30.03090,0.31221,68,1,0.28339,0.86379,1,0.87448,0.00000,0,,0.34475,0.36492,20.89514,1.00855,1,0.64830,0.41657,20.01086,0.99893,1,0,0.00000,9,AOI 11,
5,Horizontal,1877,30.83589,99832281779,0.30286,0.83166,30.35962,0.47627,69,1,0.34270,0.84449,1,0.87448,0.00000,0,,0.34090,0.36567,20.74097,1.02778,1,0.64554,0.41714,19.96345,1.02778,1,0,0.00000,9,AOI 11,
5,Horizontal,1898,31.18098,99833492167,0.32243,0.84610,30.85248,0.32851,70,1,0.27683,0.87093,1,0.87448,0.00000,0,,0.34669,0.36896,21.00582,1.02778,1,0.65089,0.42185,20.69616,1.02778,1,0,0.00000,9,AOI 11,
5,Horizontal,1937,31.82173,99835739601,0.32064,0.85438,31.19745,0.62428,71,1,0.40341,0.86365,1,0.87448,0.00000,0,,0.35102,0.37018,20.76056,1.02778,1,0.65504,0.42298,20.02559,1.02778,1,0,0.00000,9,,
5,Horizontal,1965,32.28163,99837352694,0.39663,0.86175,31.83823,0.44341,72,1,0.26705,0.86077,1,0.87448,0.00000,0,,0.35341,0.37190,21.28284,1.02778,1,0.65737,0.42595,20.65327,1.02778,1,0,0.00000,8,,
5,Horizontal,1988,32.65941,99838677777,0.31733,0.87435,32.29825,0.36116,73,1,0.40957,0.87730,1,0.87448,0.00000,0,,0.35503,0.37186,21.31878,1.02778,1,0.65977,0.42612,20.29078,1.02778,1,0,0.00000,8,,
5,Horizontal,2009,33.00432,99839887526,0.40649,0.83185,32.67598,0.32834,74,1,0.45724,0.79992,1,0.87448,0.00000,0,,0.36126,0.37115,21.90602,1.02778,1,0.66590,0.42646,20.59492,1.02778,1,0,0.00000,8,AOI 11,
5,Horizontal,2027,33.30014,99840925119,0.40912,0.85655,33.02103,0.27911,75,1,0.29482,0.92308,1,0.87448,0.00000,0,,0.35514,0.37263,22.08961,1.02778,1,0.65929,0.42746,20.76438,1.02778,1,0,0.00000,8,,
5,Horizontal,2051,33.69437,99842307847,0.30604,0.87822,33.36589,0.32848,76,1,0.31016,0.88230,1,0.87448,0.00000,0,,0.35517,0.37088,22.21241,1.02778,1,0.65986,0.42625,21.15224,1.02778,1,0,0.00000,8,,
5,Horizontal,2064,33.90808,99843057469,0.47975,0.84095,33.71106,0.19702,77,1,0.59160,0.80399,1,0.87448,0.00000,0,,0.36687,0.36885,21.94743,1.02778,1,0.67101,0.42464,20.85224,1.02778,1,0,0.00000,8,AOI 11,
5,Horizontal,2078,34.13815,99843864447,0.59852,0.68757,33.92438,0.21378,78,1,0.62438,0.69203,1,0.87448,0.00000,0,,0.36794,0.35813,22.17888,1.02778,1,0.67203,0.41579,21.24128,1.02778,1,0,0.00000,8,AOI 11,
5,Horizontal,2093,34.38464,99844729003,0.56895,0.64503,34.15482,0.22983,79,1,0.42781,0.16458,1,0.87448,0.00000,0,,0.34769,0.32595,20.44342,1.02778,1,0.65035,0.37984,20.79877,1.02778,1,0,0.00000,8,AOI 11,
5,Horizontal,2110,34.66403,99845708983,0.46263,0.25765,34.45023,0.21381,80,1,0.57536,0.58659,1,0.87448,0.00000,0,,0.36001,0.32329,22.40226,1.02778,1,0.66272,0.37841,21.13844,1.02778,1,0,0.00000,8,AOI 5,
5,Horizontal,2136,35.09097,99847206456,0.58052,0.61976,34.72949,0.36148,81,1,0.58101,0.41867,1,0.87448,0.00000,0,,0.33162,0.32149,22.77843,1.02778,1,0.63228,0.36997,21.62595,1.02778,1,0,0.00000,8,AOI 11,
5,Horizontal,2170,35.64946,99849165352,0.57818,0.42812,35.15689,0.49257,82,1,0.56847,0.36817,1,0.87448,0.00000,0,,0.32853,0.32944,23.04912,1.02778,1,0.63124,0.37753,22.08862,1.02778,1,0,0.00000,8,AOI 7,
5,Horizontal,2187,35.92868,99850144717,0.55719,0.34984,35.66602,0.26266,83,1,0.54388,0.39385,0,0.87448,0.00000,0,,0.33803,0.33249,22.17799,1.07323,0,0.64021,0.38180,21.99000,1.07323,0,30,0.00000,8,AOI 7,